case_id,description,channel,created_at,person_id,duplicate_of
3001,انا موقوف في الحائر واطلب افادة عن وضعي القانوني,Website,3/3/2025,P2939,
3002,احتجاز دون محاكمة في سجن الحائر وأحتاج متابعة عاجلة,Website,3/9/2025,P1760,3001
3003,سجن الحائر يحتجزني بلا حكم وأحتاج متابعة محامي,MobileApp,3/14/2025,P1134,3001
3004,سجن الحائر يحتجزني بلا حكم وأحتاج متابعة محامي,Website,2/21/2025,P1088,3001
3005,تم احتجازي بسجن الحائر من غير صدور حكم حتى الآن,WalkIn,1/28/2025,P1203,3001
3006,سجن الحائر يحتجزني بلا حكم وأحتاج متابعة محامي,Email,1/7/2025,P1057,3001
3007,انا موقوف في الحائر واطلب افادة عن وضعي القانوني,Website,3/7/2025,P2595,3001
3008,محتجز في الحائر بلا حكم قضائي وأرغب بمعرفة وضعي القانوني,Website,1/25/2025,P2450,3001
3009,محتجز في الحائر بلا حكم قضائي وأرغب بمعرفة وضعي القانوني,WalkIn,2/20/2025,P1725,3001
3010,انا موقوف في الحائر واطلب افادة عن وضعي القانوني,Email,1/4/2025,P1226,3001
3011,انا موقوف في الحائر واطلب افادة عن وضعي القانوني,MobileApp,1/26/2025,P1249,3001
3012,محتجز في الحائر بلا حكم قضائي وأرغب بمعرفة وضعي القانوني,Website,1/5/2025,P2606,3001
3013,احتجاز دون محاكمة في سجن الحائر وأحتاج متابعة عاجلة,PhoneCall,3/12/2025,P1177,3001
3014,أحتاج تدخل عاجل لقضيتي: احتجاز بلا محاكمة بسجن الحائر,PhoneCall,2/28/2025,P1906,3001
3015,أحتاج تدخل عاجل لقضيتي: احتجاز بلا محاكمة بسجن الحائر,PhoneCall,1/23/2025,P2080,3001
3016,توقيفي في الحائر مستمر بدون صدور حكم قضائي,WalkIn,3/10/2025,P1817,3001
3017,تم احتجازي بسجن الحائر من غير صدور حكم حتى الآن,WalkIn,3/14/2025,P2341,3001
3018,أحتاج تدخل عاجل لقضيتي: احتجاز بلا محاكمة بسجن الحائر,PhoneCall,1/4/2025,P2751,3001
3019,أحتاج تدخل عاجل لقضيتي: احتجاز بلا محاكمة بسجن الحائر,PhoneCall,2/1/2025,P1464,3001
3020,انا موقوف في الحائر واطلب افادة عن وضعي القانوني,Email,3/9/2025,P1639,3001
3021,احتجاز دون محاكمة في سجن الحائر وأحتاج متابعة عاجلة,PhoneCall,2/5/2025,P1602,3001
3022,لا توجد محاكمة لحالتي وانا موقوف في سجن الحائر,Email,1/10/2025,P1300,3001
3023,تم حبسي بسجن الحائر منذ ثلاثة أشهر بدون حكم,PhoneCall,3/11/2025,P2155,3001
3024,احتجاز دون محاكمة في سجن الحائر وأحتاج متابعة عاجلة,PhoneCall,1/1/2025,P2856,3001
3025,أحتاج تدخل عاجل لقضيتي: احتجاز بلا محاكمة بسجن الحائر,Email,3/12/2025,P2104,3001
3026,انا موقوف في الحائر واطلب افادة عن وضعي القانوني,MobileApp,3/15/2025,P2028,3001
3027,سجن الحائر يحتجزني بلا حكم وأحتاج متابعة محامي,Email,2/13/2025,P1504,3001
3028,تم حبسي بسجن الحائر منذ ثلاثة أشهر بدون حكم,Website,3/17/2025,P2034,3001
3029,أحتاج تدخل عاجل لقضيتي: احتجاز بلا محاكمة بسجن الحائر,Website,2/22/2025,P1421,3001
3030,محتجز في الحائر بلا حكم قضائي وأرغب بمعرفة وضعي القانوني,MobileApp,1/27/2025,P1293,3001
3031,توقيفي في الحائر مستمر بدون صدور حكم قضائي,MobileApp,3/15/2025,P1529,3001
3032,انا موقوف في الحائر واطلب افادة عن وضعي القانوني,Website,1/2/2025,P2192,3001
3033,سجن الحائر يحتجزني بلا حكم وأحتاج متابعة محامي,MobileApp,1/26/2025,P2943,3001
3034,احتجاز دون محاكمة في سجن الحائر وأحتاج متابعة عاجلة,PhoneCall,1/31/2025,P1531,3001
3035,احتجاز دون محاكمة في سجن الحائر وأحتاج متابعة عاجلة,PhoneCall,2/10/2025,P1308,3001
3036,سجن الحائر يحتجزني بلا حكم وأحتاج متابعة محامي,Email,1/30/2025,P2538,3001
3037,توقيفي في الحائر مستمر بدون صدور حكم قضائي,Website,1/24/2025,P2907,3001
3038,انا موقوف في الحائر واطلب افادة عن وضعي القانوني,MobileApp,1/20/2025,P2369,3001
3039,سجن الحائر يحتجزني بلا حكم وأحتاج متابعة محامي,Email,2/10/2025,P2141,3001
3040,محتجز في الحائر بلا حكم قضائي وأرغب بمعرفة وضعي القانوني,PhoneCall,1/2/2025,P2486,3001
3041,انا موقوف في الحائر واطلب افادة عن وضعي القانوني,PhoneCall,2/15/2025,P2059,3001
3042,توقيفي في الحائر مستمر بدون صدور حكم قضائي,PhoneCall,2/11/2025,P2952,3001
3043,تم احتجازي بسجن الحائر من غير صدور حكم حتى الآن,PhoneCall,1/20/2025,P2501,3001
3044,انا موقوف في الحائر واطلب افادة عن وضعي القانوني,Email,2/28/2025,P1874,3001
3045,أحتاج تدخل عاجل لقضيتي: احتجاز بلا محاكمة بسجن الحائر,PhoneCall,2/23/2025,P1677,3001
3046,تم احتجازي بسجن الحائر من غير صدور حكم حتى الآن,Email,2/1/2025,P1318,3001
3047,تم حبسي بسجن الحائر منذ ثلاثة أشهر بدون حكم,PhoneCall,1/15/2025,P1474,3001
3048,احتجاز دون محاكمة في سجن الحائر وأحتاج متابعة عاجلة,MobileApp,3/5/2025,P2431,3001
3049,انا موقوف في الحائر واطلب افادة عن وضعي القانوني,Website,1/10/2025,P1375,3001
3050,تم حبسي بسجن الحائر منذ ثلاثة أشهر بدون حكم,Email,2/14/2025,P1122,3001
3051,انا محبوس في سجن الحائر بدون محاكمة وأحتاج مساعدة قانونية,Website,3/16/2025,P2657,3001
3052,أحتاج تدخل عاجل لقضيتي: احتجاز بلا محاكمة بسجن الحائر,PhoneCall,2/13/2025,P1461,3001
3053,تم حبسي بسجن الحائر منذ ثلاثة أشهر بدون حكم,MobileApp,2/4/2025,P2310,3001
3054,انا محبوس في سجن الحائر بدون محاكمة وأحتاج مساعدة قانونية,Email,2/21/2025,P2197,3001
3055,سجن الحائر يحتجزني بلا حكم وأحتاج متابعة محامي,Email,2/6/2025,P1544,3001
3056,لا توجد محاكمة لحالتي وانا موقوف في سجن الحائر,PhoneCall,1/26/2025,P1939,3001
3057,انا محبوس في سجن الحائر بدون محاكمة وأحتاج مساعدة قانونية,Website,2/15/2025,P2544,3001
3058,انا موقوف في الحائر واطلب افادة عن وضعي القانوني,WalkIn,3/16/2025,P2132,3001
3059,احتجاز دون محاكمة في سجن الحائر وأحتاج متابعة عاجلة,WalkIn,1/13/2025,P1818,3001
3060,لا توجد محاكمة لحالتي وانا موقوف في سجن الحائر,Website,2/23/2025,P2928,3001
3061,تم احتجازي بسجن الحائر من غير صدور حكم حتى الآن,Website,2/6/2025,P2661,3001
3062,تم احتجازي بسجن الحائر من غير صدور حكم حتى الآن,WalkIn,3/9/2025,P2006,3001
3063,انا موقوف في الحائر واطلب افادة عن وضعي القانوني,Website,2/17/2025,P1518,3001
3064,تم احتجازي بسجن الحائر من غير صدور حكم حتى الآن,PhoneCall,2/13/2025,P2879,3001
3065,انا موقوف في الحائر واطلب افادة عن وضعي القانوني,MobileApp,1/4/2025,P2115,3001
3066,توقيفي في الحائر مستمر بدون صدور حكم قضائي,Website,2/9/2025,P1705,3001
3067,تم حبسي بسجن الحائر منذ ثلاثة أشهر بدون حكم,Website,2/3/2025,P2380,3001
3068,توقيفي في الحائر مستمر بدون صدور حكم قضائي,Email,1/1/2025,P2544,3001
3069,لا توجد محاكمة لحالتي وانا موقوف في سجن الحائر,PhoneCall,2/8/2025,P1093,3001
3070,انا محبوس في سجن الحائر بدون محاكمة وأحتاج مساعدة قانونية,PhoneCall,1/1/2025,P1621,3001
3071,سجن الحائر يحتجزني بلا حكم وأحتاج متابعة محامي,MobileApp,1/5/2025,P2748,3001
3072,لا توجد محاكمة لحالتي وانا موقوف في سجن الحائر,PhoneCall,3/11/2025,P2230,3001
3073,لا توجد محاكمة لحالتي وانا موقوف في سجن الحائر,MobileApp,1/18/2025,P1313,3001
3074,أحتاج تدخل عاجل لقضيتي: احتجاز بلا محاكمة بسجن الحائر,PhoneCall,1/31/2025,P1057,3001
3075,توقيفي في الحائر مستمر بدون صدور حكم قضائي,WalkIn,3/2/2025,P2991,3001
3076,احتجاز دون محاكمة في سجن الحائر وأحتاج متابعة عاجلة,MobileApp,1/26/2025,P2253,3001
3077,تم احتجازي بسجن الحائر من غير صدور حكم حتى الآن,PhoneCall,2/23/2025,P1301,3001
3078,تم احتجازي بسجن الحائر من غير صدور حكم حتى الآن,PhoneCall,2/5/2025,P1488,3001
3079,انا محبوس في سجن الحائر بدون محاكمة وأحتاج مساعدة قانونية,Email,2/23/2025,P2134,3001
3080,احتجاز دون محاكمة في سجن الحائر وأحتاج متابعة عاجلة,MobileApp,2/18/2025,P1427,3001
3081,انا محبوس في سجن الحائر بدون محاكمة وأحتاج مساعدة قانونية,Website,3/7/2025,P1659,3001
3082,توقيفي في الحائر مستمر بدون صدور حكم قضائي,WalkIn,2/7/2025,P1012,3001
3083,انا محبوس في سجن الحائر بدون محاكمة وأحتاج مساعدة قانونية,MobileApp,2/8/2025,P1047,3001
3084,محتجز في الحائر بلا حكم قضائي وأرغب بمعرفة وضعي القانوني,MobileApp,2/15/2025,P1548,3001
3085,تم حبسي بسجن الحائر منذ ثلاثة أشهر بدون حكم,MobileApp,1/2/2025,P2990,3001
3086,تم احتجازي بسجن الحائر من غير صدور حكم حتى الآن,Website,1/18/2025,P1285,3001
3087,محتجز في الحائر بلا حكم قضائي وأرغب بمعرفة وضعي القانوني,WalkIn,1/20/2025,P2558,3001
3088,أحتاج تدخل عاجل لقضيتي: احتجاز بلا محاكمة بسجن الحائر,MobileApp,3/16/2025,P1196,3001
3089,انا موقوف في الحائر واطلب افادة عن وضعي القانوني,MobileApp,1/7/2025,P2540,3001
3090,انا موقوف في الحائر واطلب افادة عن وضعي القانوني,Website,1/20/2025,P1131,3001
3091,لا توجد محاكمة لحالتي وانا موقوف في سجن الحائر,PhoneCall,1/27/2025,P1256,3001
3092,لا توجد محاكمة لحالتي وانا موقوف في سجن الحائر,WalkIn,3/15/2025,P2016,3001
3093,محتجز في الحائر بلا حكم قضائي وأرغب بمعرفة وضعي القانوني,PhoneCall,1/22/2025,P2789,3001
3094,انا موقوف في الحائر واطلب افادة عن وضعي القانوني,Email,1/25/2025,P1448,3001
3095,تم حبسي بسجن الحائر منذ ثلاثة أشهر بدون حكم,MobileApp,3/10/2025,P1627,3001
3096,لا توجد محاكمة لحالتي وانا موقوف في سجن الحائر,Email,1/21/2025,P1959,3001
3097,لا توجد محاكمة لحالتي وانا موقوف في سجن الحائر,Website,2/25/2025,P2297,3001
3098,احتجاز دون محاكمة في سجن الحائر وأحتاج متابعة عاجلة,Website,1/18/2025,P2302,3001
3099,محتجز في الحائر بلا حكم قضائي وأرغب بمعرفة وضعي القانوني,PhoneCall,1/7/2025,P1619,3001
3100,احتجاز دون محاكمة في سجن الحائر وأحتاج متابعة عاجلة,Email,3/14/2025,P1418,3001
3101,توقيفي في الحائر مستمر بدون صدور حكم قضائي,WalkIn,3/6/2025,P1955,3001
3102,أحتاج تدخل عاجل لقضيتي: احتجاز بلا محاكمة بسجن الحائر,WalkIn,1/15/2025,P2597,3001
3103,لا توجد محاكمة لحالتي وانا موقوف في سجن الحائر,MobileApp,2/27/2025,P2677,3001
3104,تم احتجازي بسجن الحائر من غير صدور حكم حتى الآن,MobileApp,2/14/2025,P2870,3001
3105,تم احتجازي بسجن الحائر من غير صدور حكم حتى الآن,PhoneCall,3/16/2025,P1212,3001
3106,أحتاج تدخل عاجل لقضيتي: احتجاز بلا محاكمة بسجن الحائر,Website,1/3/2025,P1534,3001
3107,تم احتجازي بسجن الحائر من غير صدور حكم حتى الآن,PhoneCall,2/9/2025,P1649,3001
3108,احتجاز دون محاكمة في سجن الحائر وأحتاج متابعة عاجلة,WalkIn,1/1/2025,P2057,3001
3109,تم احتجازي بسجن الحائر من غير صدور حكم حتى الآن,MobileApp,3/14/2025,P2224,3001
3110,انا محبوس في سجن الحائر بدون محاكمة وأحتاج مساعدة قانونية,MobileApp,2/13/2025,P2089,3001
3111,انا موقوف في الحائر واطلب افادة عن وضعي القانوني,PhoneCall,2/15/2025,P2869,3001
3112,انا موقوف في الحائر واطلب افادة عن وضعي القانوني,MobileApp,2/2/2025,P2266,3001
3113,تم احتجازي بسجن الحائر من غير صدور حكم حتى الآن,WalkIn,1/16/2025,P2451,3001
3114,احتجاز دون محاكمة في سجن الحائر وأحتاج متابعة عاجلة,Website,3/17/2025,P2516,3001
3115,انا موقوف في الحائر واطلب افادة عن وضعي القانوني,Website,2/9/2025,P1294,3001
3116,محتجز في الحائر بلا حكم قضائي وأرغب بمعرفة وضعي القانوني,MobileApp,2/10/2025,P2533,3001
3117,انا موقوف في الحائر واطلب افادة عن وضعي القانوني,MobileApp,2/25/2025,P1812,3001
3118,توقيفي في الحائر مستمر بدون صدور حكم قضائي,PhoneCall,1/16/2025,P2565,3001
3119,محتجز في الحائر بلا حكم قضائي وأرغب بمعرفة وضعي القانوني,MobileApp,1/22/2025,P2202,3001
3120,انا محبوس في سجن الحائر بدون محاكمة وأحتاج مساعدة قانونية,Website,2/25/2025,P2835,3001
3121,احتجاز دون محاكمة في سجن الحائر وأحتاج متابعة عاجلة,MobileApp,2/9/2025,P1239,3001
3122,تم احتجازي بسجن الحائر من غير صدور حكم حتى الآن,WalkIn,2/23/2025,P2214,3001
3123,سجن الحائر يحتجزني بلا حكم وأحتاج متابعة محامي,Email,3/2/2025,P1257,3001
3124,تم حبسي بسجن الحائر منذ ثلاثة أشهر بدون حكم,MobileApp,2/7/2025,P2967,3001
3125,لا توجد محاكمة لحالتي وانا موقوف في سجن الحائر,Website,2/4/2025,P2387,3001
3126,أحتاج تدخل عاجل لقضيتي: احتجاز بلا محاكمة بسجن الحائر,Email,3/9/2025,P1186,3001
3127,لا توجد محاكمة لحالتي وانا موقوف في سجن الحائر,MobileApp,2/9/2025,P1899,3001
3128,توقيفي في الحائر مستمر بدون صدور حكم قضائي,Email,2/6/2025,P2405,3001
3129,محتجز في الحائر بلا حكم قضائي وأرغب بمعرفة وضعي القانوني,WalkIn,1/21/2025,P2630,3001
3130,محتجز في الحائر بلا حكم قضائي وأرغب بمعرفة وضعي القانوني,MobileApp,1/26/2025,P2990,3001
3131,تم حبسي بسجن الحائر منذ ثلاثة أشهر بدون حكم,PhoneCall,1/6/2025,P2861,3001
3132,تم حبسي بسجن الحائر منذ ثلاثة أشهر بدون حكم,MobileApp,1/6/2025,P1614,3001
3133,سجن الحائر يحتجزني بلا حكم وأحتاج متابعة محامي,Website,1/18/2025,P1626,3001
3134,تم احتجازي بسجن الحائر من غير صدور حكم حتى الآن,PhoneCall,2/4/2025,P2752,3001
3135,لا توجد محاكمة لحالتي وانا موقوف في سجن الحائر,WalkIn,2/15/2025,P1224,3001
3136,توقيفي في الحائر مستمر بدون صدور حكم قضائي,Email,3/8/2025,P1323,3001
3137,توقيفي في الحائر مستمر بدون صدور حكم قضائي,WalkIn,2/16/2025,P1183,3001
3138,احتجاز دون محاكمة في سجن الحائر وأحتاج متابعة عاجلة,PhoneCall,2/24/2025,P2062,3001
3139,أحتاج تدخل عاجل لقضيتي: احتجاز بلا محاكمة بسجن الحائر,Website,3/14/2025,P2383,3001
3140,تم حبسي بسجن الحائر منذ ثلاثة أشهر بدون حكم,Email,2/22/2025,P2185,3001
3141,لا توجد محاكمة لحالتي وانا موقوف في سجن الحائر,PhoneCall,1/24/2025,P2737,3001
3142,توقيفي في الحائر مستمر بدون صدور حكم قضائي,PhoneCall,1/29/2025,P2386,3001
3143,انا محبوس في سجن الحائر بدون محاكمة وأحتاج مساعدة قانونية,WalkIn,3/7/2025,P1199,3001
3144,سجن الحائر يحتجزني بلا حكم وأحتاج متابعة محامي,MobileApp,3/16/2025,P2402,3001
3145,انا محبوس في سجن الحائر بدون محاكمة وأحتاج مساعدة قانونية,PhoneCall,2/20/2025,P2254,3001
3146,سجن الحائر يحتجزني بلا حكم وأحتاج متابعة محامي,Email,2/25/2025,P2378,3001
3147,توقيفي في الحائر مستمر بدون صدور حكم قضائي,Email,3/5/2025,P1429,3001
3148,انا محبوس في سجن الحائر بدون محاكمة وأحتاج مساعدة قانونية,PhoneCall,3/12/2025,P1484,3001
3149,انا موقوف في الحائر واطلب افادة عن وضعي القانوني,Website,1/2/2025,P1943,3001
3150,أحتاج تدخل عاجل لقضيتي: احتجاز بلا محاكمة بسجن الحائر,Website,1/6/2025,P2812,3001
3151,العنف الأسري تكرر عدة مرات وأخاف على حياتي,Website,3/10/2025,P1530,
3152,اخي يعتدي علي واطلب حماية عاجلة,WalkIn,3/2/2025,P1089,3151
3153,اخي يعتدي علي واطلب حماية عاجلة,MobileApp,3/1/2025,P1826,3151
3154,العنف الأسري تكرر عدة مرات وأخاف على حياتي,WalkIn,1/18/2025,P1528,3151
3155,العنف الأسري تكرر عدة مرات وأخاف على حياتي,Email,2/22/2025,P1930,3151
3156,اعتداء أسري وتعرضت للضرب وأطلب حماية فورية,Email,2/20/2025,P1393,3151
3157,اخي يعتدي علي واطلب حماية عاجلة,WalkIn,3/16/2025,P1859,3151
3158,أحتاج مأوى بسبب اعتداء زوجي المتكرر,Email,3/15/2025,P2886,3151
3159,العنف الأسري تكرر عدة مرات وأخاف على حياتي,Email,3/12/2025,P1494,3151
3160,تهديدات من العائلة واحتاج تدخل فوري,WalkIn,2/3/2025,P1406,3151
3161,تهديدات من العائلة واحتاج تدخل فوري,Email,3/2/2025,P2346,3151
3162,تعرضت للعنف الأسري من ولي أمري وأحتاج حماية وإيواء,MobileApp,2/21/2025,P1082,3151
3163,تعنيف اسري مستمر ولم اجد مكان آمن,Email,1/22/2025,P1783,3151
3164,تهديدات من العائلة واحتاج تدخل فوري,MobileApp,1/1/2025,P2690,3151
3165,تعرضت للعنف الأسري من ولي أمري وأحتاج حماية وإيواء,Email,3/11/2025,P1237,3151
3166,تعرضت للعنف الأسري من ولي أمري وأحتاج حماية وإيواء,PhoneCall,2/11/2025,P1095,3151
3167,تهديد وعنف من الأسرة ولا أشعر بالأمان في المنزل,PhoneCall,3/16/2025,P2426,3151
3168,تعرضت لإصابات بسبب ضرب أسري وأحتاج رعاية وحماية,Email,1/26/2025,P1620,3151
3169,اخي يعتدي علي واطلب حماية عاجلة,PhoneCall,3/2/2025,P2229,3151
3170,أحتاج مأوى بسبب اعتداء زوجي المتكرر,Website,3/9/2025,P2149,3151
3171,أحتاج مأوى بسبب اعتداء زوجي المتكرر,Email,2/18/2025,P2382,3151
3172,اخي يعتدي علي واطلب حماية عاجلة,PhoneCall,3/17/2025,P1267,3151
3173,تهديدات من العائلة واحتاج تدخل فوري,WalkIn,1/24/2025,P1631,3151
3174,العنف الأسري تكرر عدة مرات وأخاف على حياتي,PhoneCall,3/5/2025,P1949,3151
3175,أرغب بإبعاد المعتدي وتوفير حماية لي ولأطفالي,PhoneCall,1/10/2025,P1146,3151
3176,تعنيف اسري مستمر ولم اجد مكان آمن,MobileApp,2/14/2025,P2564,3151
3177,تهديد وعنف من الأسرة ولا أشعر بالأمان في المنزل,Email,2/15/2025,P2863,3151
3178,اعتداء أسري وتعرضت للضرب وأطلب حماية فورية,WalkIn,1/30/2025,P2243,3151
3179,العنف الأسري تكرر عدة مرات وأخاف على حياتي,Website,3/13/2025,P2727,3151
3180,تهديد وعنف من الأسرة ولا أشعر بالأمان في المنزل,Website,3/7/2025,P1102,3151
3181,اعتداء أسري وتعرضت للضرب وأطلب حماية فورية,Website,2/10/2025,P1247,3151
3182,تعرضت للعنف الأسري من ولي أمري وأحتاج حماية وإيواء,MobileApp,3/13/2025,P1222,3151
3183,أرغب بإبعاد المعتدي وتوفير حماية لي ولأطفالي,WalkIn,1/27/2025,P2853,3151
3184,تعنيف اسري مستمر ولم اجد مكان آمن,WalkIn,1/24/2025,P1439,3151
3185,تعرضت للعنف الأسري من ولي أمري وأحتاج حماية وإيواء,MobileApp,3/3/2025,P2067,3151
3186,تعنيف اسري مستمر ولم اجد مكان آمن,PhoneCall,2/14/2025,P1049,3151
3187,العنف الأسري تكرر عدة مرات وأخاف على حياتي,PhoneCall,2/16/2025,P2644,3151
3188,تعرضت للعنف الأسري من ولي أمري وأحتاج حماية وإيواء,Website,1/28/2025,P1891,3151
3189,اعتداء أسري وتعرضت للضرب وأطلب حماية فورية,MobileApp,2/13/2025,P2873,3151
3190,أرغب بإبعاد المعتدي وتوفير حماية لي ولأطفالي,PhoneCall,2/10/2025,P2121,3151
3191,تعنيف اسري مستمر ولم اجد مكان آمن,PhoneCall,2/5/2025,P1250,3151
3192,أحتاج مأوى بسبب اعتداء زوجي المتكرر,Email,1/20/2025,P2749,3151
3193,تهديدات من العائلة واحتاج تدخل فوري,WalkIn,2/4/2025,P1456,3151
3194,تعرضت لإصابات بسبب ضرب أسري وأحتاج رعاية وحماية,Website,1/8/2025,P1354,3151
3195,تعرضت لإصابات بسبب ضرب أسري وأحتاج رعاية وحماية,WalkIn,2/27/2025,P2359,3151
3196,اخي يعتدي علي واطلب حماية عاجلة,Email,1/17/2025,P2178,3151
3197,تهديدات من العائلة واحتاج تدخل فوري,Email,1/22/2025,P2505,3151
3198,تهديدات من العائلة واحتاج تدخل فوري,WalkIn,1/3/2025,P2208,3151
3199,تعرضت للعنف الأسري من ولي أمري وأحتاج حماية وإيواء,Email,3/2/2025,P2108,3151
3200,أرغب بإبعاد المعتدي وتوفير حماية لي ولأطفالي,MobileApp,1/9/2025,P1253,3151
3201,أحتاج مأوى بسبب اعتداء زوجي المتكرر,PhoneCall,1/24/2025,P2573,3151
3202,أحتاج مأوى بسبب اعتداء زوجي المتكرر,PhoneCall,2/18/2025,P2777,3151
3203,اعتداء أسري وتعرضت للضرب وأطلب حماية فورية,Email,1/17/2025,P1497,3151
3204,تهديد وعنف من الأسرة ولا أشعر بالأمان في المنزل,WalkIn,2/14/2025,P1168,3151
3205,تعنيف اسري مستمر ولم اجد مكان آمن,WalkIn,2/25/2025,P2559,3151
3206,اعتداء أسري وتعرضت للضرب وأطلب حماية فورية,MobileApp,1/1/2025,P1179,3151
3207,تعنيف اسري مستمر ولم اجد مكان آمن,Website,3/16/2025,P2563,3151
3208,العنف الأسري تكرر عدة مرات وأخاف على حياتي,PhoneCall,1/5/2025,P2931,3151
3209,تهديدات من العائلة واحتاج تدخل فوري,Website,2/8/2025,P2645,3151
3210,تعرضت للعنف الأسري من ولي أمري وأحتاج حماية وإيواء,Email,3/3/2025,P1008,3151
3211,تعنيف اسري مستمر ولم اجد مكان آمن,WalkIn,1/6/2025,P1175,3151
3212,أرغب بإبعاد المعتدي وتوفير حماية لي ولأطفالي,Website,1/18/2025,P1405,3151
3213,تعنيف اسري مستمر ولم اجد مكان آمن,WalkIn,2/21/2025,P2086,3151
3214,أرغب بإبعاد المعتدي وتوفير حماية لي ولأطفالي,WalkIn,1/19/2025,P1235,3151
3215,اعتداء أسري وتعرضت للضرب وأطلب حماية فورية,Website,2/1/2025,P1518,3151
3216,العنف الأسري تكرر عدة مرات وأخاف على حياتي,MobileApp,2/25/2025,P2962,3151
3217,تهديدات من العائلة واحتاج تدخل فوري,WalkIn,1/1/2025,P1135,3151
3218,تهديدات من العائلة واحتاج تدخل فوري,PhoneCall,1/8/2025,P2265,3151
3219,تعرضت لإصابات بسبب ضرب أسري وأحتاج رعاية وحماية,Email,3/6/2025,P1378,3151
3220,تهديد وعنف من الأسرة ولا أشعر بالأمان في المنزل,WalkIn,1/12/2025,P2785,3151
3221,اعتداء أسري وتعرضت للضرب وأطلب حماية فورية,Email,2/2/2025,P2271,3151
3222,اعتداء أسري وتعرضت للضرب وأطلب حماية فورية,MobileApp,1/28/2025,P2221,3151
3223,تهديدات من العائلة واحتاج تدخل فوري,WalkIn,1/28/2025,P2235,3151
3224,اخي يعتدي علي واطلب حماية عاجلة,Email,1/22/2025,P2535,3151
3225,أحتاج مأوى بسبب اعتداء زوجي المتكرر,Website,2/8/2025,P2437,3151
3226,تعرضت للعنف الأسري من ولي أمري وأحتاج حماية وإيواء,PhoneCall,1/30/2025,P1279,3151
3227,تهديد وعنف من الأسرة ولا أشعر بالأمان في المنزل,WalkIn,3/2/2025,P1907,3151
3228,اخي يعتدي علي واطلب حماية عاجلة,PhoneCall,1/19/2025,P2977,3151
3229,تهديد وعنف من الأسرة ولا أشعر بالأمان في المنزل,PhoneCall,3/5/2025,P1942,3151
3230,اعتداء أسري وتعرضت للضرب وأطلب حماية فورية,Website,2/7/2025,P1577,3151
3231,اعتداء أسري وتعرضت للضرب وأطلب حماية فورية,Email,1/22/2025,P2854,3151
3232,العنف الأسري تكرر عدة مرات وأخاف على حياتي,MobileApp,1/12/2025,P2992,3151
3233,تعرضت لإصابات بسبب ضرب أسري وأحتاج رعاية وحماية,Website,2/13/2025,P2265,3151
3234,تهديد وعنف من الأسرة ولا أشعر بالأمان في المنزل,WalkIn,3/10/2025,P1809,3151
3235,تهديد وعنف من الأسرة ولا أشعر بالأمان في المنزل,PhoneCall,3/4/2025,P1304,3151
3236,أرغب بإبعاد المعتدي وتوفير حماية لي ولأطفالي,WalkIn,1/27/2025,P2473,3151
3237,أحتاج مأوى بسبب اعتداء زوجي المتكرر,Website,2/1/2025,P2753,3151
3238,تهديد وعنف من الأسرة ولا أشعر بالأمان في المنزل,Website,1/3/2025,P1433,3151
3239,أرغب بإبعاد المعتدي وتوفير حماية لي ولأطفالي,MobileApp,2/11/2025,P1809,3151
3240,تهديد وعنف من الأسرة ولا أشعر بالأمان في المنزل,Website,1/6/2025,P2283,3151
3241,اعتداء أسري وتعرضت للضرب وأطلب حماية فورية,WalkIn,3/14/2025,P1080,3151
3242,العنف الأسري تكرر عدة مرات وأخاف على حياتي,Email,2/3/2025,P2678,3151
3243,اعتداء أسري وتعرضت للضرب وأطلب حماية فورية,Website,1/25/2025,P2245,3151
3244,العنف الأسري تكرر عدة مرات وأخاف على حياتي,WalkIn,1/22/2025,P1977,3151
3245,تهديد وعنف من الأسرة ولا أشعر بالأمان في المنزل,MobileApp,3/7/2025,P2084,3151
3246,العنف الأسري تكرر عدة مرات وأخاف على حياتي,MobileApp,2/24/2025,P1485,3151
3247,تعنيف اسري مستمر ولم اجد مكان آمن,MobileApp,2/16/2025,P1399,3151
3248,اعتداء أسري وتعرضت للضرب وأطلب حماية فورية,WalkIn,2/3/2025,P2922,3151
3249,العنف الأسري تكرر عدة مرات وأخاف على حياتي,PhoneCall,1/4/2025,P1563,3151
3250,اعتداء أسري وتعرضت للضرب وأطلب حماية فورية,Email,2/12/2025,P1850,3151
3251,تعرضت للعنف الأسري من ولي أمري وأحتاج حماية وإيواء,Email,2/7/2025,P2393,3151
3252,اخي يعتدي علي واطلب حماية عاجلة,MobileApp,1/12/2025,P2556,3151
3253,تهديدات من العائلة واحتاج تدخل فوري,Email,3/11/2025,P1655,3151
3254,تهديد وعنف من الأسرة ولا أشعر بالأمان في المنزل,WalkIn,1/20/2025,P1180,3151
3255,اخي يعتدي علي واطلب حماية عاجلة,WalkIn,1/21/2025,P1263,3151
3256,اخي يعتدي علي واطلب حماية عاجلة,PhoneCall,2/12/2025,P2588,3151
3257,تعرضت للعنف الأسري من ولي أمري وأحتاج حماية وإيواء,PhoneCall,2/1/2025,P1353,3151
3258,تهديد وعنف من الأسرة ولا أشعر بالأمان في المنزل,MobileApp,1/14/2025,P1801,3151
3259,أرغب بإبعاد المعتدي وتوفير حماية لي ولأطفالي,Website,2/2/2025,P1747,3151
3260,تعرضت للعنف الأسري من ولي أمري وأحتاج حماية وإيواء,MobileApp,2/19/2025,P2276,3151
3261,العنف الأسري تكرر عدة مرات وأخاف على حياتي,Email,3/5/2025,P1551,3151
3262,تهديد وعنف من الأسرة ولا أشعر بالأمان في المنزل,MobileApp,2/10/2025,P1027,3151
3263,اخي يعتدي علي واطلب حماية عاجلة,Website,1/15/2025,P2533,3151
3264,تعرضت للعنف الأسري من ولي أمري وأحتاج حماية وإيواء,MobileApp,1/26/2025,P2927,3151
3265,أحتاج مأوى بسبب اعتداء زوجي المتكرر,WalkIn,1/14/2025,P2277,3151
3266,تهديد وعنف من الأسرة ولا أشعر بالأمان في المنزل,WalkIn,1/4/2025,P1062,3151
3267,تهديد وعنف من الأسرة ولا أشعر بالأمان في المنزل,PhoneCall,1/27/2025,P2279,3151
3268,تعرضت للعنف الأسري من ولي أمري وأحتاج حماية وإيواء,PhoneCall,3/17/2025,P2329,3151
3269,تعرضت للعنف الأسري من ولي أمري وأحتاج حماية وإيواء,PhoneCall,1/6/2025,P2027,3151
3270,تهديدات من العائلة واحتاج تدخل فوري,PhoneCall,2/28/2025,P1467,3151
3271,أرغب بإبعاد المعتدي وتوفير حماية لي ولأطفالي,Email,1/3/2025,P2707,3151
3272,أحتاج مأوى بسبب اعتداء زوجي المتكرر,Email,2/23/2025,P2734,3151
3273,أرغب بإبعاد المعتدي وتوفير حماية لي ولأطفالي,Website,1/21/2025,P1099,3151
3274,تعرضت للعنف الأسري من ولي أمري وأحتاج حماية وإيواء,Email,2/17/2025,P2626,3151
3275,تهديد وعنف من الأسرة ولا أشعر بالأمان في المنزل,MobileApp,1/9/2025,P1010,3151
3276,تعنيف اسري مستمر ولم اجد مكان آمن,PhoneCall,3/7/2025,P1655,3151
3277,تعنيف اسري مستمر ولم اجد مكان آمن,Email,2/28/2025,P2862,3151
3278,تهديدات من العائلة واحتاج تدخل فوري,WalkIn,2/11/2025,P2174,3151
3279,أحتاج مأوى بسبب اعتداء زوجي المتكرر,Email,2/28/2025,P1194,3151
3280,اعتداء أسري وتعرضت للضرب وأطلب حماية فورية,MobileApp,1/26/2025,P2882,3151
3281,أحتاج مأوى بسبب اعتداء زوجي المتكرر,MobileApp,3/8/2025,P1562,3151
3282,تعرضت لإصابات بسبب ضرب أسري وأحتاج رعاية وحماية,Website,2/15/2025,P1114,3151
3283,تعرضت للعنف الأسري من ولي أمري وأحتاج حماية وإيواء,Website,3/8/2025,P1581,3151
3284,تعرضت للعنف الأسري من ولي أمري وأحتاج حماية وإيواء,Email,2/3/2025,P2613,3151
3285,العنف الأسري تكرر عدة مرات وأخاف على حياتي,Email,2/2/2025,P2021,3151
3286,أحتاج مأوى بسبب اعتداء زوجي المتكرر,Website,2/16/2025,P1084,3151
3287,تعنيف اسري مستمر ولم اجد مكان آمن,WalkIn,1/25/2025,P1237,3151
3288,اخي يعتدي علي واطلب حماية عاجلة,MobileApp,3/11/2025,P2437,3151
3289,تهديدات من العائلة واحتاج تدخل فوري,Email,3/17/2025,P2379,3151
3290,أحتاج مأوى بسبب اعتداء زوجي المتكرر,PhoneCall,1/12/2025,P1468,3151
3291,تعرضت لإصابات بسبب ضرب أسري وأحتاج رعاية وحماية,Email,3/12/2025,P1723,3151
3292,أحتاج مأوى بسبب اعتداء زوجي المتكرر,Website,1/10/2025,P2965,3151
3293,تعنيف اسري مستمر ولم اجد مكان آمن,Website,3/16/2025,P2414,3151
3294,العنف الأسري تكرر عدة مرات وأخاف على حياتي,Email,1/21/2025,P1695,3151
3295,تهديدات من العائلة واحتاج تدخل فوري,WalkIn,1/20/2025,P1614,3151
3296,تعرضت للعنف الأسري من ولي أمري وأحتاج حماية وإيواء,WalkIn,1/1/2025,P2401,3151
3297,تهديد وعنف من الأسرة ولا أشعر بالأمان في المنزل,Email,2/6/2025,P2514,3151
3298,تعرضت لإصابات بسبب ضرب أسري وأحتاج رعاية وحماية,Email,2/5/2025,P1608,3151
3299,أرغب بإبعاد المعتدي وتوفير حماية لي ولأطفالي,Email,2/21/2025,P2602,3151
3300,أرغب بإبعاد المعتدي وتوفير حماية لي ولأطفالي,PhoneCall,3/2/2025,P2095,3151
3301,رفض استقبال حالتي في الطوارئ رغم خطورتها,MobileApp,1/29/2025,P2307,
3302,تقصير في الرعاية الطبية بالمستشفى وتأجيل غير مبرر للأدوية,Email,1/4/2025,P1923,3301
3303,موعدي الجراحي تأجل أكثر من مرة دون مبرر,WalkIn,1/27/2025,P1757,3301
3304,تأخر تشخيصي وإحالتي لقسم خاطئ تسبب بمضاعفات,Website,2/18/2025,P2093,3301
3305,صيدلية المستشفى لا تصرف العلاج رغم الوصفة,Website,3/4/2025,P1231,3301
3306,رفض استقبال حالتي في الطوارئ رغم خطورتها,WalkIn,2/16/2025,P1313,3301
3307,رفض استقبال حالتي في الطوارئ رغم خطورتها,MobileApp,1/14/2025,P1455,3301
3308,صيدلية المستشفى لا تصرف العلاج رغم الوصفة,Website,2/11/2025,P1808,3301
3309,موعدي الجراحي تأجل أكثر من مرة دون مبرر,PhoneCall,2/8/2025,P1657,3301
3310,المستشفى لم يوفر لي الدواء منذ أسبوعين وحالتي تزداد سوءًا,Email,2/11/2025,P1542,3301
3311,أحتاج تقرير طبي ويؤخرونه بلا سبب في المستشفى,Email,1/7/2025,P1542,3301
3312,المستشفى لم يوفر لي الدواء منذ أسبوعين وحالتي تزداد سوءًا,PhoneCall,1/7/2025,P1323,3301
3313,موعدي الجراحي تأجل أكثر من مرة دون مبرر,Website,1/5/2025,P1540,3301
3314,لا يوجد سرير متاح وتم تأجيل علاجي مرارًا,PhoneCall,2/26/2025,P1076,3301
3315,أحتاج تقرير طبي ويؤخرونه بلا سبب في المستشفى,Email,2/8/2025,P1152,3301
3316,موعدي الجراحي تأجل أكثر من مرة دون مبرر,Email,1/2/2025,P2666,3301
3317,موعدي الجراحي تأجل أكثر من مرة دون مبرر,Email,3/3/2025,P1673,3301
3318,موعدي الجراحي تأجل أكثر من مرة دون مبرر,Email,1/4/2025,P1201,3301
3319,تأخر تشخيصي وإحالتي لقسم خاطئ تسبب بمضاعفات,PhoneCall,3/8/2025,P2008,3301
3320,لا يوجد سرير متاح وتم تأجيل علاجي مرارًا,Email,2/26/2025,P2285,3301
3321,المستشفى لم يوفر لي الدواء منذ أسبوعين وحالتي تزداد سوءًا,Website,3/17/2025,P1040,3301
3322,صيدلية المستشفى لا تصرف العلاج رغم الوصفة,WalkIn,3/14/2025,P1575,3301
3323,تأخر مستشفى حكومي في تقديم العلاج المناسب مما سبب تدهور حالتي,Website,2/22/2025,P2244,3301
3324,تأخر مستشفى حكومي في تقديم العلاج المناسب مما سبب تدهور حالتي,WalkIn,2/28/2025,P1508,3301
3325,إهمال طبي في مستشفى حكومي وتأخر في صرف الدواء,Website,1/12/2025,P1044,3301
3326,إهمال طبي في مستشفى حكومي وتأخر في صرف الدواء,Website,1/11/2025,P1242,3301
3327,المستشفى لم يوفر لي الدواء منذ أسبوعين وحالتي تزداد سوءًا,MobileApp,1/22/2025,P1572,3301
3328,رفض استقبال حالتي في الطوارئ رغم خطورتها,PhoneCall,1/28/2025,P2767,3301
3329,أحتاج تقرير طبي ويؤخرونه بلا سبب في المستشفى,Email,1/4/2025,P1737,3301
3330,تأخر تشخيصي وإحالتي لقسم خاطئ تسبب بمضاعفات,Website,2/18/2025,P2732,3301
3331,موعدي الجراحي تأجل أكثر من مرة دون مبرر,Email,1/24/2025,P1870,3301
3332,موعدي الجراحي تأجل أكثر من مرة دون مبرر,PhoneCall,1/13/2025,P2289,3301
3333,لا يوجد سرير متاح وتم تأجيل علاجي مرارًا,PhoneCall,2/1/2025,P2208,3301
3334,المستشفى لم يوفر لي الدواء منذ أسبوعين وحالتي تزداد سوءًا,Email,2/17/2025,P2010,3301
3335,لا يوجد سرير متاح وتم تأجيل علاجي مرارًا,PhoneCall,1/16/2025,P1560,3301
3336,موعدي الجراحي تأجل أكثر من مرة دون مبرر,WalkIn,2/6/2025,P1211,3301
3337,لا يوجد سرير متاح وتم تأجيل علاجي مرارًا,Website,2/26/2025,P1559,3301
3338,رفض استقبال حالتي في الطوارئ رغم خطورتها,MobileApp,2/12/2025,P2458,3301
3339,تقصير في الرعاية الطبية بالمستشفى وتأجيل غير مبرر للأدوية,Website,3/15/2025,P2147,3301
3340,تأخر تشخيصي وإحالتي لقسم خاطئ تسبب بمضاعفات,Website,2/13/2025,P1450,3301
3341,رفض استقبال حالتي في الطوارئ رغم خطورتها,WalkIn,1/2/2025,P1169,3301
3342,المستشفى لم يوفر لي الدواء منذ أسبوعين وحالتي تزداد سوءًا,Email,3/8/2025,P2729,3301
3343,صيدلية المستشفى لا تصرف العلاج رغم الوصفة,MobileApp,2/13/2025,P1065,3301
3344,تأخر تشخيصي وإحالتي لقسم خاطئ تسبب بمضاعفات,Website,3/12/2025,P1904,3301
3345,صيدلية المستشفى لا تصرف العلاج رغم الوصفة,PhoneCall,3/4/2025,P2829,3301
3346,أحتاج تقرير طبي ويؤخرونه بلا سبب في المستشفى,PhoneCall,2/23/2025,P2460,3301
3347,تأخر تشخيصي وإحالتي لقسم خاطئ تسبب بمضاعفات,WalkIn,2/21/2025,P1839,3301
3348,إهمال طبي في مستشفى حكومي وتأخر في صرف الدواء,Email,1/15/2025,P1329,3301
3349,تأخر تشخيصي وإحالتي لقسم خاطئ تسبب بمضاعفات,MobileApp,2/2/2025,P2164,3301
3350,أحتاج تقرير طبي ويؤخرونه بلا سبب في المستشفى,Website,2/20/2025,P1430,3301
3351,إهمال طبي في مستشفى حكومي وتأخر في صرف الدواء,PhoneCall,2/17/2025,P1769,3301
3352,تأخر مستشفى حكومي في تقديم العلاج المناسب مما سبب تدهور حالتي,Email,2/1/2025,P1448,3301
3353,المستشفى لم يوفر لي الدواء منذ أسبوعين وحالتي تزداد سوءًا,Website,2/25/2025,P2061,3301
3354,أحتاج تقرير طبي ويؤخرونه بلا سبب في المستشفى,Email,2/20/2025,P2820,3301
3355,أحتاج تقرير طبي ويؤخرونه بلا سبب في المستشفى,PhoneCall,2/22/2025,P2118,3301
3356,رفض استقبال حالتي في الطوارئ رغم خطورتها,MobileApp,2/9/2025,P2292,3301
3357,إهمال طبي في مستشفى حكومي وتأخر في صرف الدواء,WalkIn,1/30/2025,P2819,3301
3358,لا يوجد سرير متاح وتم تأجيل علاجي مرارًا,Email,2/24/2025,P1840,3301
3359,لا يوجد سرير متاح وتم تأجيل علاجي مرارًا,PhoneCall,1/12/2025,P2480,3301
3360,إهمال طبي في مستشفى حكومي وتأخر في صرف الدواء,Website,1/13/2025,P2624,3301
3361,لا يوجد سرير متاح وتم تأجيل علاجي مرارًا,PhoneCall,3/4/2025,P2779,3301
3362,أحتاج تقرير طبي ويؤخرونه بلا سبب في المستشفى,PhoneCall,1/18/2025,P1333,3301
3363,صيدلية المستشفى لا تصرف العلاج رغم الوصفة,Email,3/17/2025,P1624,3301
3364,لا يوجد سرير متاح وتم تأجيل علاجي مرارًا,WalkIn,2/27/2025,P1567,3301
3365,تأخر مستشفى حكومي في تقديم العلاج المناسب مما سبب تدهور حالتي,MobileApp,2/15/2025,P1901,3301
3366,تقصير في الرعاية الطبية بالمستشفى وتأجيل غير مبرر للأدوية,MobileApp,2/13/2025,P2115,3301
3367,موعدي الجراحي تأجل أكثر من مرة دون مبرر,WalkIn,1/25/2025,P2211,3301
3368,رفض استقبال حالتي في الطوارئ رغم خطورتها,Website,2/25/2025,P2343,3301
3369,موعدي الجراحي تأجل أكثر من مرة دون مبرر,WalkIn,1/1/2025,P2365,3301
3370,لا يوجد سرير متاح وتم تأجيل علاجي مرارًا,Website,2/23/2025,P2767,3301
3371,صيدلية المستشفى لا تصرف العلاج رغم الوصفة,MobileApp,2/22/2025,P1381,3301
3372,إهمال طبي في مستشفى حكومي وتأخر في صرف الدواء,MobileApp,2/12/2025,P2981,3301
3373,موعدي الجراحي تأجل أكثر من مرة دون مبرر,Email,2/17/2025,P1656,3301
3374,رفض استقبال حالتي في الطوارئ رغم خطورتها,WalkIn,2/3/2025,P1384,3301
3375,موعدي الجراحي تأجل أكثر من مرة دون مبرر,Email,3/3/2025,P1721,3301
3376,أحتاج تقرير طبي ويؤخرونه بلا سبب في المستشفى,MobileApp,2/23/2025,P1927,3301
3377,رفض استقبال حالتي في الطوارئ رغم خطورتها,Website,1/31/2025,P2908,3301
3378,أحتاج تقرير طبي ويؤخرونه بلا سبب في المستشفى,Website,3/17/2025,P2253,3301
3379,رفض استقبال حالتي في الطوارئ رغم خطورتها,MobileApp,3/13/2025,P1294,3301
3380,رفض استقبال حالتي في الطوارئ رغم خطورتها,Website,3/11/2025,P1819,3301
3381,صيدلية المستشفى لا تصرف العلاج رغم الوصفة,MobileApp,1/21/2025,P1937,3301
3382,موعدي الجراحي تأجل أكثر من مرة دون مبرر,MobileApp,2/13/2025,P2168,3301
3383,أحتاج تقرير طبي ويؤخرونه بلا سبب في المستشفى,MobileApp,2/23/2025,P2943,3301
3384,المستشفى لم يوفر لي الدواء منذ أسبوعين وحالتي تزداد سوءًا,Website,1/17/2025,P1941,3301
3385,رفض استقبال حالتي في الطوارئ رغم خطورتها,WalkIn,2/7/2025,P2708,3301
3386,أحتاج تقرير طبي ويؤخرونه بلا سبب في المستشفى,Email,1/9/2025,P1894,3301
3387,صيدلية المستشفى لا تصرف العلاج رغم الوصفة,MobileApp,3/5/2025,P1810,3301
3388,صيدلية المستشفى لا تصرف العلاج رغم الوصفة,Website,2/9/2025,P2790,3301
3389,رفض استقبال حالتي في الطوارئ رغم خطورتها,MobileApp,1/30/2025,P1998,3301
3390,تأخر مستشفى حكومي في تقديم العلاج المناسب مما سبب تدهور حالتي,Email,1/27/2025,P1868,3301
3391,تأخر تشخيصي وإحالتي لقسم خاطئ تسبب بمضاعفات,PhoneCall,1/11/2025,P1923,3301
3392,أحتاج تقرير طبي ويؤخرونه بلا سبب في المستشفى,Website,2/1/2025,P2347,3301
3393,تأخر تشخيصي وإحالتي لقسم خاطئ تسبب بمضاعفات,Email,2/26/2025,P1342,3301
3394,صيدلية المستشفى لا تصرف العلاج رغم الوصفة,MobileApp,2/20/2025,P2995,3301
3395,أحتاج تقرير طبي ويؤخرونه بلا سبب في المستشفى,Website,3/15/2025,P2062,3301
3396,لا يوجد سرير متاح وتم تأجيل علاجي مرارًا,MobileApp,1/16/2025,P2897,3301
3397,أحتاج تقرير طبي ويؤخرونه بلا سبب في المستشفى,MobileApp,3/13/2025,P1805,3301
3398,موعدي الجراحي تأجل أكثر من مرة دون مبرر,Website,1/22/2025,P2829,3301
3399,تأخر مستشفى حكومي في تقديم العلاج المناسب مما سبب تدهور حالتي,WalkIn,1/10/2025,P1866,3301
3400,لا يوجد سرير متاح وتم تأجيل علاجي مرارًا,MobileApp,1/2/2025,P2639,3301
3401,لا يوجد سرير متاح وتم تأجيل علاجي مرارًا,WalkIn,2/18/2025,P1952,3301
3402,لا يوجد سرير متاح وتم تأجيل علاجي مرارًا,Email,3/8/2025,P1623,3301
3403,رفض استقبال حالتي في الطوارئ رغم خطورتها,Email,2/16/2025,P2322,3301
3404,رفض استقبال حالتي في الطوارئ رغم خطورتها,Website,2/5/2025,P2490,3301
3405,أحتاج تقرير طبي ويؤخرونه بلا سبب في المستشفى,MobileApp,1/28/2025,P1939,3301
3406,موعدي الجراحي تأجل أكثر من مرة دون مبرر,WalkIn,1/30/2025,P2778,3301
3407,رفض استقبال حالتي في الطوارئ رغم خطورتها,Website,2/21/2025,P1387,3301
3408,موعدي الجراحي تأجل أكثر من مرة دون مبرر,Website,1/25/2025,P1637,3301
3409,أحتاج تقرير طبي ويؤخرونه بلا سبب في المستشفى,PhoneCall,2/23/2025,P1274,3301
3410,صيدلية المستشفى لا تصرف العلاج رغم الوصفة,Website,3/16/2025,P1913,3301
3411,صيدلية المستشفى لا تصرف العلاج رغم الوصفة,WalkIn,2/26/2025,P2520,3301
3412,موعدي الجراحي تأجل أكثر من مرة دون مبرر,MobileApp,1/7/2025,P1100,3301
3413,موعدي الجراحي تأجل أكثر من مرة دون مبرر,PhoneCall,2/26/2025,P1856,3301
3414,تقصير في الرعاية الطبية بالمستشفى وتأجيل غير مبرر للأدوية,WalkIn,2/23/2025,P1880,3301
3415,تأخر مستشفى حكومي في تقديم العلاج المناسب مما سبب تدهور حالتي,WalkIn,1/30/2025,P1428,3301
3416,تقصير في الرعاية الطبية بالمستشفى وتأجيل غير مبرر للأدوية,WalkIn,1/2/2025,P2665,3301
3417,إهمال طبي في مستشفى حكومي وتأخر في صرف الدواء,MobileApp,2/18/2025,P2340,3301
3418,أحتاج تقرير طبي ويؤخرونه بلا سبب في المستشفى,Website,2/24/2025,P1622,3301
3419,موعدي الجراحي تأجل أكثر من مرة دون مبرر,Email,1/1/2025,P2314,3301
3420,لا يوجد سرير متاح وتم تأجيل علاجي مرارًا,WalkIn,3/1/2025,P2368,3301
3421,موعدي الجراحي تأجل أكثر من مرة دون مبرر,PhoneCall,1/9/2025,P2667,3301
3422,موعدي الجراحي تأجل أكثر من مرة دون مبرر,Website,1/30/2025,P1901,3301
3423,رفض استقبال حالتي في الطوارئ رغم خطورتها,Email,1/19/2025,P2163,3301
3424,لا يوجد سرير متاح وتم تأجيل علاجي مرارًا,PhoneCall,1/20/2025,P1785,3301
3425,تأخر مستشفى حكومي في تقديم العلاج المناسب مما سبب تدهور حالتي,Website,2/19/2025,P1631,3301
3426,أحتاج تقرير طبي ويؤخرونه بلا سبب في المستشفى,MobileApp,3/11/2025,P2872,3301
3427,أحتاج تقرير طبي ويؤخرونه بلا سبب في المستشفى,PhoneCall,1/25/2025,P1674,3301
3428,المستشفى لم يوفر لي الدواء منذ أسبوعين وحالتي تزداد سوءًا,MobileApp,1/7/2025,P1269,3301
3429,أحتاج تقرير طبي ويؤخرونه بلا سبب في المستشفى,WalkIn,2/17/2025,P2527,3301
3430,رفض استقبال حالتي في الطوارئ رغم خطورتها,WalkIn,1/31/2025,P1572,3301
3431,رفض استقبال حالتي في الطوارئ رغم خطورتها,PhoneCall,2/2/2025,P2499,3301
3432,رفض استقبال حالتي في الطوارئ رغم خطورتها,PhoneCall,2/20/2025,P1268,3301
3433,تقصير في الرعاية الطبية بالمستشفى وتأجيل غير مبرر للأدوية,Website,2/7/2025,P1352,3301
3434,موعدي الجراحي تأجل أكثر من مرة دون مبرر,WalkIn,2/8/2025,P2103,3301
3435,تأخر مستشفى حكومي في تقديم العلاج المناسب مما سبب تدهور حالتي,Website,2/6/2025,P1248,3301
3436,أحتاج تقرير طبي ويؤخرونه بلا سبب في المستشفى,Website,1/4/2025,P1675,3301
3437,موعدي الجراحي تأجل أكثر من مرة دون مبرر,WalkIn,3/17/2025,P1904,3301
3438,إهمال طبي في مستشفى حكومي وتأخر في صرف الدواء,WalkIn,2/23/2025,P1132,3301
3439,أحتاج تقرير طبي ويؤخرونه بلا سبب في المستشفى,Website,1/13/2025,P1877,3301
3440,إهمال طبي في مستشفى حكومي وتأخر في صرف الدواء,MobileApp,3/17/2025,P1509,3301
3441,المستشفى لم يوفر لي الدواء منذ أسبوعين وحالتي تزداد سوءًا,PhoneCall,1/21/2025,P2933,3301
3442,تأخر مستشفى حكومي في تقديم العلاج المناسب مما سبب تدهور حالتي,MobileApp,2/15/2025,P1312,3301
3443,تأخر تشخيصي وإحالتي لقسم خاطئ تسبب بمضاعفات,WalkIn,1/30/2025,P2900,3301
3444,صيدلية المستشفى لا تصرف العلاج رغم الوصفة,Website,3/11/2025,P2190,3301
3445,صيدلية المستشفى لا تصرف العلاج رغم الوصفة,WalkIn,3/15/2025,P1765,3301
3446,إهمال طبي في مستشفى حكومي وتأخر في صرف الدواء,MobileApp,1/3/2025,P2346,3301
3447,إهمال طبي في مستشفى حكومي وتأخر في صرف الدواء,Email,1/26/2025,P1289,3301
3448,رفض استقبال حالتي في الطوارئ رغم خطورتها,Website,2/19/2025,P2835,3301
3449,صيدلية المستشفى لا تصرف العلاج رغم الوصفة,Email,1/25/2025,P2389,3301
3450,صيدلية المستشفى لا تصرف العلاج رغم الوصفة,MobileApp,2/16/2025,P1060,3301
3451,لم يتم الرد على طلبي من الجهة الحكومية حتى الآن,WalkIn,3/14/2025,P2331,
3452,ملفي متوقف بسبب عدم تجاوب الجهة المعنية,WalkIn,2/9/2025,P2744,3451
3453,ملفي متوقف بسبب عدم تجاوب الجهة المعنية,Email,2/22/2025,P1033,3451
3454,تأخر الجهة في الرد على المخاطبات وتعطلت معاملتي,PhoneCall,1/30/2025,P2101,3451
3455,لم يتم الرد على طلبي من الجهة الحكومية حتى الآن,PhoneCall,2/6/2025,P1745,3451
3456,الجهة لا ترد على البريد والمكاتبات منذ أسابيع,Website,2/24/2025,P2641,3451
3457,تأخرت الإفادة رغم إرسال تذكيرين رسميين,MobileApp,2/4/2025,P1397,3451
3458,مرّ 45 يومًا بدون رد ولا تحديث من الجهة,MobileApp,3/11/2025,P1382,3451
3459,مرّ أكثر من شهر ولم تصلني إفادة من الجهة الرسمية,Email,1/1/2025,P1345,3451
3460,مرّ 45 يومًا بدون رد ولا تحديث من الجهة,Email,3/16/2025,P2360,3451
3461,ملفي متوقف بسبب عدم تجاوب الجهة المعنية,MobileApp,3/13/2025,P2400,3451
3462,مرّ أكثر من شهر ولم تصلني إفادة من الجهة الرسمية,WalkIn,2/2/2025,P2563,3451
3463,تأخر الجهة في الرد على المخاطبات وتعطلت معاملتي,Email,2/2/2025,P1190,3451
3464,الجهة لا ترد على البريد والمكاتبات منذ أسابيع,WalkIn,2/26/2025,P1280,3451
3465,مرّ أكثر من شهر ولم تصلني إفادة من الجهة الرسمية,Website,1/18/2025,P1650,3451
3466,تأخر الجهة في الرد على المخاطبات وتعطلت معاملتي,Email,3/9/2025,P1057,3451
3467,ملفي متوقف بسبب عدم تجاوب الجهة المعنية,Email,1/17/2025,P1665,3451
3468,تأخرت الإفادة رغم إرسال تذكيرين رسميين,MobileApp,2/8/2025,P1762,3451
3469,لم يتم الرد على طلبي من الجهة الحكومية حتى الآن,PhoneCall,2/19/2025,P2159,3451
3470,ملفي متوقف بسبب عدم تجاوب الجهة المعنية,MobileApp,2/18/2025,P2146,3451
3471,تأخر الجهة في الرد على المخاطبات وتعطلت معاملتي,MobileApp,1/4/2025,P1561,3451
3472,مرّ أكثر من شهر ولم تصلني إفادة من الجهة الرسمية,PhoneCall,2/17/2025,P1789,3451
3473,مرّ 45 يومًا بدون رد ولا تحديث من الجهة,Email,1/19/2025,P1074,3451
3474,مرّ أكثر من شهر ولم تصلني إفادة من الجهة الرسمية,Email,1/7/2025,P1379,3451
3475,تأخر جهة حكومية في الرد على طلب الإفادة لأكثر من 30 يوم,WalkIn,2/25/2025,P1157,3451
3476,تأخرت الإفادة رغم إرسال تذكيرين رسميين,WalkIn,1/9/2025,P1403,3451
3477,لم يتم الرد على طلبي من الجهة الحكومية حتى الآن,Email,3/10/2025,P1527,3451
3478,لم يتم الرد على طلبي من الجهة الحكومية حتى الآن,Email,1/11/2025,P2493,3451
3479,تأخر الجهة في الرد على المخاطبات وتعطلت معاملتي,Website,3/7/2025,P1101,3451
3480,مرّ أكثر من شهر ولم تصلني إفادة من الجهة الرسمية,WalkIn,3/2/2025,P2462,3451
3481,تأخر الجهة في الرد على المخاطبات وتعطلت معاملتي,PhoneCall,1/11/2025,P2928,3451
3482,أطالب بمتابعة جهة حكومية لبطء الإجراءات,Email,1/26/2025,P1139,3451
3483,مرّ 45 يومًا بدون رد ولا تحديث من الجهة,MobileApp,1/25/2025,P1290,3451
3484,ملفي متوقف بسبب عدم تجاوب الجهة المعنية,Website,3/1/2025,P2232,3451
3485,الجهة لا ترد على البريد والمكاتبات منذ أسابيع,WalkIn,2/6/2025,P2508,3451
3486,تأخرت الإفادة رغم إرسال تذكيرين رسميين,MobileApp,2/10/2025,P2552,3451
3487,مرّ أكثر من شهر ولم تصلني إفادة من الجهة الرسمية,PhoneCall,3/14/2025,P1861,3451
3488,أطالب بمتابعة جهة حكومية لبطء الإجراءات,PhoneCall,2/15/2025,P2357,3451
3489,ملفي متوقف بسبب عدم تجاوب الجهة المعنية,Email,1/28/2025,P1824,3451
3490,الجهة لا ترد على البريد والمكاتبات منذ أسابيع,WalkIn,2/24/2025,P1263,3451
3491,تأخر الجهة في الرد على المخاطبات وتعطلت معاملتي,WalkIn,2/1/2025,P2035,3451
3492,ملفي متوقف بسبب عدم تجاوب الجهة المعنية,MobileApp,1/16/2025,P1812,3451
3493,الجهة لا ترد على البريد والمكاتبات منذ أسابيع,WalkIn,1/28/2025,P1096,3451
3494,لم يتم الرد على طلبي من الجهة الحكومية حتى الآن,WalkIn,3/5/2025,P2483,3451
3495,الجهة لا ترد على البريد والمكاتبات منذ أسابيع,WalkIn,1/11/2025,P1756,3451
3496,مرّ أكثر من شهر ولم تصلني إفادة من الجهة الرسمية,Website,1/11/2025,P2945,3451
3497,تأخرت الإفادة رغم إرسال تذكيرين رسميين,Email,2/28/2025,P1389,3451
3498,أحتاج تسريع الرد على معاملتي لدى الجهة,WalkIn,2/23/2025,P1580,3451
3499,أطالب بمتابعة جهة حكومية لبطء الإجراءات,MobileApp,2/16/2025,P2157,3451
3500,أطالب بمتابعة جهة حكومية لبطء الإجراءات,PhoneCall,2/17/2025,P1848,3451
3501,تأخرت الإفادة رغم إرسال تذكيرين رسميين,WalkIn,2/16/2025,P1336,3451
3502,تأخر الجهة في الرد على المخاطبات وتعطلت معاملتي,WalkIn,1/31/2025,P2004,3451
3503,مرّ 45 يومًا بدون رد ولا تحديث من الجهة,WalkIn,3/12/2025,P1425,3451
3504,مرّ 45 يومًا بدون رد ولا تحديث من الجهة,Website,3/5/2025,P2358,3451
3505,تأخرت الإفادة رغم إرسال تذكيرين رسميين,Website,1/24/2025,P1327,3451
3506,لم يتم الرد على طلبي من الجهة الحكومية حتى الآن,PhoneCall,2/13/2025,P1461,3451
3507,تأخرت الإفادة رغم إرسال تذكيرين رسميين,PhoneCall,1/16/2025,P2805,3451
3508,ملفي متوقف بسبب عدم تجاوب الجهة المعنية,Website,2/25/2025,P1820,3451
3509,الجهة لا ترد على البريد والمكاتبات منذ أسابيع,WalkIn,1/13/2025,P1078,3451
3510,الجهة لا ترد على البريد والمكاتبات منذ أسابيع,MobileApp,2/28/2025,P1168,3451
3511,أحتاج تسريع الرد على معاملتي لدى الجهة,PhoneCall,2/5/2025,P2969,3451
3512,تأخر جهة حكومية في الرد على طلب الإفادة لأكثر من 30 يوم,PhoneCall,1/22/2025,P1255,3451
3513,تأخر الجهة في الرد على المخاطبات وتعطلت معاملتي,WalkIn,1/6/2025,P2304,3451
3514,ملفي متوقف بسبب عدم تجاوب الجهة المعنية,Website,1/1/2025,P2774,3451
3515,ملفي متوقف بسبب عدم تجاوب الجهة المعنية,MobileApp,1/22/2025,P2632,3451
3516,لم يتم الرد على طلبي من الجهة الحكومية حتى الآن,Website,1/26/2025,P1673,3451
3517,تأخر جهة حكومية في الرد على طلب الإفادة لأكثر من 30 يوم,Email,3/5/2025,P2967,3451
3518,أحتاج تسريع الرد على معاملتي لدى الجهة,Email,2/14/2025,P2210,3451
3519,الجهة لا ترد على البريد والمكاتبات منذ أسابيع,Website,1/14/2025,P1623,3451
3520,مرّ أكثر من شهر ولم تصلني إفادة من الجهة الرسمية,PhoneCall,2/19/2025,P1066,3451
3521,تأخرت الإفادة رغم إرسال تذكيرين رسميين,PhoneCall,3/5/2025,P2032,3451
3522,أحتاج تسريع الرد على معاملتي لدى الجهة,PhoneCall,2/21/2025,P1585,3451
3523,أحتاج تسريع الرد على معاملتي لدى الجهة,Email,3/4/2025,P2207,3451
3524,الجهة لا ترد على البريد والمكاتبات منذ أسابيع,Website,3/14/2025,P2812,3451
3525,أحتاج تسريع الرد على معاملتي لدى الجهة,WalkIn,2/18/2025,P1110,3451
3526,ملفي متوقف بسبب عدم تجاوب الجهة المعنية,MobileApp,3/11/2025,P1404,3451
3527,الجهة لا ترد على البريد والمكاتبات منذ أسابيع,MobileApp,1/1/2025,P1442,3451
3528,تأخرت الإفادة رغم إرسال تذكيرين رسميين,WalkIn,1/27/2025,P2259,3451
3529,تأخر الجهة في الرد على المخاطبات وتعطلت معاملتي,MobileApp,1/25/2025,P1819,3451
3530,تأخر جهة حكومية في الرد على طلب الإفادة لأكثر من 30 يوم,PhoneCall,1/16/2025,P1433,3451
3531,تأخرت الإفادة رغم إرسال تذكيرين رسميين,Website,3/16/2025,P2646,3451
3532,مرّ 45 يومًا بدون رد ولا تحديث من الجهة,PhoneCall,1/1/2025,P1662,3451
3533,مرّ 45 يومًا بدون رد ولا تحديث من الجهة,Website,2/17/2025,P1008,3451
3534,أطالب بمتابعة جهة حكومية لبطء الإجراءات,MobileApp,2/5/2025,P1779,3451
3535,ملفي متوقف بسبب عدم تجاوب الجهة المعنية,WalkIn,2/15/2025,P1394,3451
3536,ملفي متوقف بسبب عدم تجاوب الجهة المعنية,MobileApp,1/12/2025,P1941,3451
3537,أحتاج تسريع الرد على معاملتي لدى الجهة,Email,3/5/2025,P1485,3451
3538,الجهة لا ترد على البريد والمكاتبات منذ أسابيع,MobileApp,2/7/2025,P1328,3451
3539,تأخر جهة حكومية في الرد على طلب الإفادة لأكثر من 30 يوم,PhoneCall,3/13/2025,P1296,3451
3540,مرّ 45 يومًا بدون رد ولا تحديث من الجهة,Email,1/28/2025,P2971,3451
3541,الجهة لا ترد على البريد والمكاتبات منذ أسابيع,PhoneCall,1/8/2025,P2697,3451
3542,ملفي متوقف بسبب عدم تجاوب الجهة المعنية,WalkIn,1/10/2025,P2081,3451
3543,مرّ 45 يومًا بدون رد ولا تحديث من الجهة,Email,2/22/2025,P1315,3451
3544,لم يتم الرد على طلبي من الجهة الحكومية حتى الآن,Email,2/6/2025,P1800,3451
3545,تأخر الجهة في الرد على المخاطبات وتعطلت معاملتي,Email,1/17/2025,P2322,3451
3546,مرّ أكثر من شهر ولم تصلني إفادة من الجهة الرسمية,Email,2/22/2025,P2080,3451
3547,أطالب بمتابعة جهة حكومية لبطء الإجراءات,MobileApp,2/20/2025,P2879,3451
3548,تأخر الجهة في الرد على المخاطبات وتعطلت معاملتي,Website,3/17/2025,P1240,3451
3549,أحتاج تسريع الرد على معاملتي لدى الجهة,WalkIn,1/10/2025,P2267,3451
3550,مرّ أكثر من شهر ولم تصلني إفادة من الجهة الرسمية,MobileApp,3/16/2025,P2387,3451
3551,مرّ أكثر من شهر ولم تصلني إفادة من الجهة الرسمية,Website,2/17/2025,P1383,3451
3552,تأخر جهة حكومية في الرد على طلب الإفادة لأكثر من 30 يوم,Email,1/15/2025,P1375,3451
3553,ملفي متوقف بسبب عدم تجاوب الجهة المعنية,Website,1/17/2025,P1464,3451
3554,تأخر الجهة في الرد على المخاطبات وتعطلت معاملتي,PhoneCall,3/16/2025,P1030,3451
3555,أحتاج تسريع الرد على معاملتي لدى الجهة,Website,2/8/2025,P2927,3451
3556,مرّ 45 يومًا بدون رد ولا تحديث من الجهة,PhoneCall,3/1/2025,P2368,3451
3557,أطالب بمتابعة جهة حكومية لبطء الإجراءات,WalkIn,2/26/2025,P2686,3451
3558,لم يتم الرد على طلبي من الجهة الحكومية حتى الآن,Email,1/28/2025,P1712,3451
3559,ملفي متوقف بسبب عدم تجاوب الجهة المعنية,WalkIn,2/14/2025,P2772,3451
3560,الجهة لا ترد على البريد والمكاتبات منذ أسابيع,WalkIn,3/13/2025,P2380,3451
3561,مرّ 45 يومًا بدون رد ولا تحديث من الجهة,PhoneCall,3/6/2025,P2446,3451
3562,تأخر جهة حكومية في الرد على طلب الإفادة لأكثر من 30 يوم,Email,3/13/2025,P1627,3451
3563,تأخرت الإفادة رغم إرسال تذكيرين رسميين,MobileApp,3/10/2025,P2703,3451
3564,ملفي متوقف بسبب عدم تجاوب الجهة المعنية,MobileApp,2/14/2025,P1986,3451
3565,الجهة لا ترد على البريد والمكاتبات منذ أسابيع,Website,2/13/2025,P1936,3451
3566,تأخر جهة حكومية في الرد على طلب الإفادة لأكثر من 30 يوم,WalkIn,3/3/2025,P2313,3451
3567,لم يتم الرد على طلبي من الجهة الحكومية حتى الآن,Email,3/5/2025,P2766,3451
3568,لم يتم الرد على طلبي من الجهة الحكومية حتى الآن,Website,1/28/2025,P1499,3451
3569,تأخر جهة حكومية في الرد على طلب الإفادة لأكثر من 30 يوم,WalkIn,3/1/2025,P1226,3451
3570,لم يتم الرد على طلبي من الجهة الحكومية حتى الآن,Website,2/27/2025,P2061,3451
3571,الجهة لا ترد على البريد والمكاتبات منذ أسابيع,MobileApp,1/20/2025,P1923,3451
3572,تأخر جهة حكومية في الرد على طلب الإفادة لأكثر من 30 يوم,WalkIn,1/3/2025,P2332,3451
3573,تأخر جهة حكومية في الرد على طلب الإفادة لأكثر من 30 يوم,Email,2/13/2025,P1875,3451
3574,تأخر الجهة في الرد على المخاطبات وتعطلت معاملتي,Email,1/11/2025,P1995,3451
3575,مرّ 45 يومًا بدون رد ولا تحديث من الجهة,WalkIn,3/8/2025,P1126,3451
3576,مرّ 45 يومًا بدون رد ولا تحديث من الجهة,WalkIn,1/5/2025,P2098,3451
3577,ملفي متوقف بسبب عدم تجاوب الجهة المعنية,PhoneCall,1/10/2025,P1276,3451
3578,لم يتم الرد على طلبي من الجهة الحكومية حتى الآن,MobileApp,3/6/2025,P1267,3451
3579,لم يتم الرد على طلبي من الجهة الحكومية حتى الآن,Website,1/8/2025,P1621,3451
3580,الجهة لا ترد على البريد والمكاتبات منذ أسابيع,Website,2/8/2025,P2834,3451
3581,مرّ أكثر من شهر ولم تصلني إفادة من الجهة الرسمية,Email,2/18/2025,P1519,3451
3582,تأخرت الإفادة رغم إرسال تذكيرين رسميين,Website,3/2/2025,P2051,3451
3583,مرّ 45 يومًا بدون رد ولا تحديث من الجهة,MobileApp,2/16/2025,P1344,3451
3584,مرّ 45 يومًا بدون رد ولا تحديث من الجهة,MobileApp,2/11/2025,P2500,3451
3585,تأخرت الإفادة رغم إرسال تذكيرين رسميين,MobileApp,2/10/2025,P2781,3451
3586,تأخرت الإفادة رغم إرسال تذكيرين رسميين,Website,1/27/2025,P1924,3451
3587,أطالب بمتابعة جهة حكومية لبطء الإجراءات,Email,2/19/2025,P2652,3451
3588,تأخر الجهة في الرد على المخاطبات وتعطلت معاملتي,Website,2/20/2025,P2920,3451
3589,تأخر الجهة في الرد على المخاطبات وتعطلت معاملتي,Email,2/28/2025,P1009,3451
3590,لم يتم الرد على طلبي من الجهة الحكومية حتى الآن,PhoneCall,3/17/2025,P1114,3451
3591,أحتاج تسريع الرد على معاملتي لدى الجهة,MobileApp,2/24/2025,P2535,3451
3592,مرّ أكثر من شهر ولم تصلني إفادة من الجهة الرسمية,MobileApp,3/3/2025,P2931,3451
3593,تأخر جهة حكومية في الرد على طلب الإفادة لأكثر من 30 يوم,PhoneCall,3/16/2025,P2377,3451
3594,مرّ أكثر من شهر ولم تصلني إفادة من الجهة الرسمية,Email,1/20/2025,P2094,3451
3595,أحتاج تسريع الرد على معاملتي لدى الجهة,MobileApp,1/30/2025,P2717,3451
3596,لم يتم الرد على طلبي من الجهة الحكومية حتى الآن,Website,3/6/2025,P2797,3451
3597,مرّ أكثر من شهر ولم تصلني إفادة من الجهة الرسمية,Website,3/7/2025,P2341,3451
3598,الجهة لا ترد على البريد والمكاتبات منذ أسابيع,WalkIn,1/19/2025,P1794,3451
3599,تأخر جهة حكومية في الرد على طلب الإفادة لأكثر من 30 يوم,Website,3/2/2025,P2597,3451
3600,أطالب بمتابعة جهة حكومية لبطء الإجراءات,PhoneCall,3/16/2025,P2044,3451
3601,نشر صور خاصة لي مقابل فدية عبر الإنترنت,Email,3/11/2025,P2643,
3602,طلب مبالغ مقابل عدم نشر محادثات خاصة,PhoneCall,2/21/2025,P2283,3601
3603,رسائل ابتزازية تصلني من حسابات متعددة,Website,3/11/2025,P1843,3601
3604,تهديد بإفشاء بياناتي إذا لم أحول مبلغًا,Website,1/18/2025,P2646,3601
3605,اختراق حسابي ثم ابتزازي لإرجاعه,PhoneCall,2/8/2025,P2400,3601
3606,اختراق حسابي ثم ابتزازي لإرجاعه,MobileApp,3/3/2025,P2829,3601
3607,ابتزاز إلكتروني مستمر وأحتاج بلاغ رسمي,Email,1/27/2025,P2948,3601
3608,رسائل ابتزازية تصلني من حسابات متعددة,Website,3/6/2025,P2677,3601
3609,اختراق حسابي ثم ابتزازي لإرجاعه,PhoneCall,1/2/2025,P1247,3601
3610,حساب وهمي يبتزني ويرسل لي رسائل تهديد بنشر معلوماتي,PhoneCall,2/11/2025,P1046,3601
3611,اختراق حسابي ثم ابتزازي لإرجاعه,PhoneCall,1/8/2025,P1443,3601
3612,بلاغ عن ابتزاز إلكتروني من حساب مجهول على منصات التواصل,WalkIn,1/29/2025,P2333,3601
3613,اختراق حسابي ثم ابتزازي لإرجاعه,Email,2/26/2025,P1252,3601
3614,شخص يهددني بنشر صور خاصة مقابل مبالغ مالية,Website,1/5/2025,P2170,3601
3615,طلب مبالغ مقابل عدم نشر محادثات خاصة,Email,1/8/2025,P2834,3601
3616,ابتزاز إلكتروني مستمر وأحتاج بلاغ رسمي,Website,2/7/2025,P1304,3601
3617,حساب وهمي يبتزني ويرسل لي رسائل تهديد بنشر معلوماتي,WalkIn,1/18/2025,P1784,3601
3618,نشر صور خاصة لي مقابل فدية عبر الإنترنت,WalkIn,3/6/2025,P2834,3601
3619,حساب وهمي يبتزني ويرسل لي رسائل تهديد بنشر معلوماتي,Email,1/25/2025,P1902,3601
3620,تهديد بإفشاء بياناتي إذا لم أحول مبلغًا,PhoneCall,1/30/2025,P1327,3601
3621,رسائل ابتزازية تصلني من حسابات متعددة,Email,2/24/2025,P1274,3601
3622,اختراق حسابي ثم ابتزازي لإرجاعه,PhoneCall,2/14/2025,P2843,3601
3623,تهديد بإفشاء بياناتي إذا لم أحول مبلغًا,Website,1/17/2025,P2853,3601
3624,حساب وهمي يبتزني ويرسل لي رسائل تهديد بنشر معلوماتي,MobileApp,1/12/2025,P2707,3601
3625,تهديد بإفشاء بياناتي إذا لم أحول مبلغًا,PhoneCall,1/31/2025,P2141,3601
3626,ابتزاز إلكتروني مستمر وأحتاج بلاغ رسمي,Email,2/6/2025,P2091,3601
3627,تعرضت لابتزاز عبر تطبيق محادثة ويطلب مالًا,WalkIn,2/16/2025,P1633,3601
3628,حساب وهمي يبتزني ويرسل لي رسائل تهديد بنشر معلوماتي,PhoneCall,1/9/2025,P2574,3601
3629,نشر صور خاصة لي مقابل فدية عبر الإنترنت,Website,2/21/2025,P1474,3601
3630,شخص يهددني بنشر صور خاصة مقابل مبالغ مالية,Email,3/6/2025,P2650,3601
3631,تعرضت لابتزاز عبر تطبيق محادثة ويطلب مالًا,WalkIn,1/11/2025,P1053,3601
3632,بلاغ عن ابتزاز إلكتروني من حساب مجهول على منصات التواصل,Email,3/4/2025,P1491,3601
3633,شخص يهددني بنشر صور خاصة مقابل مبالغ مالية,Website,2/19/2025,P1215,3601
3634,تهديد بإفشاء بياناتي إذا لم أحول مبلغًا,MobileApp,2/15/2025,P1638,3601
3635,اختراق حسابي ثم ابتزازي لإرجاعه,WalkIn,3/3/2025,P1808,3601
3636,حساب وهمي يبتزني ويرسل لي رسائل تهديد بنشر معلوماتي,MobileApp,3/6/2025,P2550,3601
3637,تعرضت لابتزاز عبر تطبيق محادثة ويطلب مالًا,PhoneCall,1/15/2025,P2882,3601
3638,رسائل ابتزازية تصلني من حسابات متعددة,MobileApp,2/13/2025,P1851,3601
3639,طلب مبالغ مقابل عدم نشر محادثات خاصة,Website,1/20/2025,P2447,3601
3640,شخص يهددني بنشر صور خاصة مقابل مبالغ مالية,Website,3/13/2025,P1790,3601
3641,رسائل ابتزازية تصلني من حسابات متعددة,Email,2/26/2025,P1661,3601
3642,حساب وهمي يبتزني ويرسل لي رسائل تهديد بنشر معلوماتي,PhoneCall,2/12/2025,P2466,3601
3643,نشر صور خاصة لي مقابل فدية عبر الإنترنت,Email,1/21/2025,P1145,3601
3644,شخص يهددني بنشر صور خاصة مقابل مبالغ مالية,WalkIn,3/1/2025,P1977,3601
3645,رسائل ابتزازية تصلني من حسابات متعددة,PhoneCall,2/19/2025,P2880,3601
3646,نشر صور خاصة لي مقابل فدية عبر الإنترنت,PhoneCall,2/11/2025,P1568,3601
3647,رسائل ابتزازية تصلني من حسابات متعددة,MobileApp,3/2/2025,P2264,3601
3648,تهديد بإفشاء بياناتي إذا لم أحول مبلغًا,Website,2/16/2025,P2697,3601
3649,طلب مبالغ مقابل عدم نشر محادثات خاصة,MobileApp,1/13/2025,P2362,3601
3650,اختراق حسابي ثم ابتزازي لإرجاعه,Website,1/20/2025,P1266,3601
3651,بلاغ عن ابتزاز إلكتروني من حساب مجهول على منصات التواصل,PhoneCall,1/3/2025,P2921,3601
3652,طلب مبالغ مقابل عدم نشر محادثات خاصة,WalkIn,1/21/2025,P1740,3601
3653,حساب وهمي يبتزني ويرسل لي رسائل تهديد بنشر معلوماتي,WalkIn,3/5/2025,P2622,3601
3654,رسائل ابتزازية تصلني من حسابات متعددة,PhoneCall,3/10/2025,P2818,3601
3655,حساب وهمي يبتزني ويرسل لي رسائل تهديد بنشر معلوماتي,Website,1/8/2025,P2920,3601
3656,اختراق حسابي ثم ابتزازي لإرجاعه,Website,1/13/2025,P2450,3601
3657,حساب وهمي يبتزني ويرسل لي رسائل تهديد بنشر معلوماتي,PhoneCall,2/13/2025,P1313,3601
3658,شخص يهددني بنشر صور خاصة مقابل مبالغ مالية,MobileApp,1/12/2025,P1565,3601
3659,اختراق حسابي ثم ابتزازي لإرجاعه,WalkIn,2/28/2025,P1974,3601
3660,رسائل ابتزازية تصلني من حسابات متعددة,Email,2/2/2025,P2980,3601
3661,اختراق حسابي ثم ابتزازي لإرجاعه,MobileApp,2/26/2025,P2112,3601
3662,بلاغ عن ابتزاز إلكتروني من حساب مجهول على منصات التواصل,WalkIn,2/3/2025,P1794,3601
3663,ابتزاز إلكتروني مستمر وأحتاج بلاغ رسمي,Email,1/5/2025,P1284,3601
3664,تهديد بإفشاء بياناتي إذا لم أحول مبلغًا,Email,2/14/2025,P2488,3601
3665,طلب مبالغ مقابل عدم نشر محادثات خاصة,PhoneCall,1/16/2025,P1118,3601
3666,نشر صور خاصة لي مقابل فدية عبر الإنترنت,MobileApp,2/8/2025,P2160,3601
3667,شخص يهددني بنشر صور خاصة مقابل مبالغ مالية,MobileApp,1/2/2025,P2969,3601
3668,شخص يهددني بنشر صور خاصة مقابل مبالغ مالية,PhoneCall,2/10/2025,P2998,3601
3669,طلب مبالغ مقابل عدم نشر محادثات خاصة,Email,3/2/2025,P1369,3601
3670,بلاغ عن ابتزاز إلكتروني من حساب مجهول على منصات التواصل,PhoneCall,1/22/2025,P1183,3601
3671,رسائل ابتزازية تصلني من حسابات متعددة,Email,3/12/2025,P1087,3601
3672,نشر صور خاصة لي مقابل فدية عبر الإنترنت,MobileApp,1/6/2025,P1293,3601
3673,بلاغ عن ابتزاز إلكتروني من حساب مجهول على منصات التواصل,WalkIn,1/23/2025,P1798,3601
3674,بلاغ عن ابتزاز إلكتروني من حساب مجهول على منصات التواصل,Email,2/8/2025,P2213,3601
3675,رسائل ابتزازية تصلني من حسابات متعددة,PhoneCall,3/14/2025,P2933,3601
3676,نشر صور خاصة لي مقابل فدية عبر الإنترنت,WalkIn,3/5/2025,P1084,3601
3677,بلاغ عن ابتزاز إلكتروني من حساب مجهول على منصات التواصل,Email,2/27/2025,P1688,3601
3678,تهديد بإفشاء بياناتي إذا لم أحول مبلغًا,MobileApp,1/7/2025,P2077,3601
3679,اختراق حسابي ثم ابتزازي لإرجاعه,WalkIn,1/1/2025,P1992,3601
3680,طلب مبالغ مقابل عدم نشر محادثات خاصة,MobileApp,2/13/2025,P2727,3601
3681,شخص يهددني بنشر صور خاصة مقابل مبالغ مالية,MobileApp,2/6/2025,P1109,3601
3682,بلاغ عن ابتزاز إلكتروني من حساب مجهول على منصات التواصل,WalkIn,3/5/2025,P1311,3601
3683,حساب وهمي يبتزني ويرسل لي رسائل تهديد بنشر معلوماتي,PhoneCall,1/31/2025,P1390,3601
3684,حساب وهمي يبتزني ويرسل لي رسائل تهديد بنشر معلوماتي,Email,1/19/2025,P2981,3601
3685,تعرضت لابتزاز عبر تطبيق محادثة ويطلب مالًا,WalkIn,1/19/2025,P1249,3601
3686,حساب وهمي يبتزني ويرسل لي رسائل تهديد بنشر معلوماتي,Email,1/21/2025,P1302,3601
3687,رسائل ابتزازية تصلني من حسابات متعددة,MobileApp,1/16/2025,P1119,3601
3688,اختراق حسابي ثم ابتزازي لإرجاعه,Email,1/20/2025,P1065,3601
3689,بلاغ عن ابتزاز إلكتروني من حساب مجهول على منصات التواصل,WalkIn,2/2/2025,P2164,3601
3690,اختراق حسابي ثم ابتزازي لإرجاعه,MobileApp,2/19/2025,P1364,3601
3691,تهديد بإفشاء بياناتي إذا لم أحول مبلغًا,MobileApp,3/4/2025,P1256,3601
3692,بلاغ عن ابتزاز إلكتروني من حساب مجهول على منصات التواصل,WalkIn,3/3/2025,P1918,3601
3693,بلاغ عن ابتزاز إلكتروني من حساب مجهول على منصات التواصل,WalkIn,2/8/2025,P1758,3601
3694,اختراق حسابي ثم ابتزازي لإرجاعه,Email,2/8/2025,P2314,3601
3695,نشر صور خاصة لي مقابل فدية عبر الإنترنت,MobileApp,1/26/2025,P2670,3601
3696,رسائل ابتزازية تصلني من حسابات متعددة,MobileApp,1/19/2025,P1197,3601
3697,شخص يهددني بنشر صور خاصة مقابل مبالغ مالية,WalkIn,3/17/2025,P1881,3601
3698,تعرضت لابتزاز عبر تطبيق محادثة ويطلب مالًا,MobileApp,3/13/2025,P1111,3601
3699,تهديد بإفشاء بياناتي إذا لم أحول مبلغًا,WalkIn,2/26/2025,P1520,3601
3700,رسائل ابتزازية تصلني من حسابات متعددة,MobileApp,1/29/2025,P2744,3601
3701,نشر صور خاصة لي مقابل فدية عبر الإنترنت,PhoneCall,1/25/2025,P1786,3601
3702,حساب وهمي يبتزني ويرسل لي رسائل تهديد بنشر معلوماتي,Website,1/14/2025,P2201,3601
3703,تهديد بإفشاء بياناتي إذا لم أحول مبلغًا,PhoneCall,1/26/2025,P2007,3601
3704,نشر صور خاصة لي مقابل فدية عبر الإنترنت,Email,1/6/2025,P2913,3601
3705,تعرضت لابتزاز عبر تطبيق محادثة ويطلب مالًا,Email,2/3/2025,P1633,3601
3706,رسائل ابتزازية تصلني من حسابات متعددة,MobileApp,2/10/2025,P1004,3601
3707,شخص يهددني بنشر صور خاصة مقابل مبالغ مالية,PhoneCall,1/31/2025,P1954,3601
3708,تهديد بإفشاء بياناتي إذا لم أحول مبلغًا,PhoneCall,1/31/2025,P1023,3601
3709,رسائل ابتزازية تصلني من حسابات متعددة,PhoneCall,2/5/2025,P1583,3601
3710,ابتزاز إلكتروني مستمر وأحتاج بلاغ رسمي,WalkIn,2/4/2025,P2378,3601
3711,شخص يهددني بنشر صور خاصة مقابل مبالغ مالية,PhoneCall,2/27/2025,P1457,3601
3712,تهديد بإفشاء بياناتي إذا لم أحول مبلغًا,Email,2/9/2025,P1008,3601
3713,حساب وهمي يبتزني ويرسل لي رسائل تهديد بنشر معلوماتي,WalkIn,1/21/2025,P1383,3601
3714,تعرضت لابتزاز عبر تطبيق محادثة ويطلب مالًا,MobileApp,3/12/2025,P1926,3601
3715,نشر صور خاصة لي مقابل فدية عبر الإنترنت,MobileApp,1/27/2025,P1263,3601
3716,ابتزاز إلكتروني مستمر وأحتاج بلاغ رسمي,MobileApp,1/22/2025,P1545,3601
3717,شخص يهددني بنشر صور خاصة مقابل مبالغ مالية,WalkIn,2/6/2025,P1829,3601
3718,تعرضت لابتزاز عبر تطبيق محادثة ويطلب مالًا,Email,2/2/2025,P1921,3601
3719,اختراق حسابي ثم ابتزازي لإرجاعه,PhoneCall,1/23/2025,P1953,3601
3720,رسائل ابتزازية تصلني من حسابات متعددة,PhoneCall,3/13/2025,P2880,3601
3721,تهديد بإفشاء بياناتي إذا لم أحول مبلغًا,Website,2/4/2025,P1667,3601
3722,حساب وهمي يبتزني ويرسل لي رسائل تهديد بنشر معلوماتي,PhoneCall,1/11/2025,P2002,3601
3723,شخص يهددني بنشر صور خاصة مقابل مبالغ مالية,WalkIn,1/7/2025,P2343,3601
3724,ابتزاز إلكتروني مستمر وأحتاج بلاغ رسمي,PhoneCall,2/1/2025,P1629,3601
3725,بلاغ عن ابتزاز إلكتروني من حساب مجهول على منصات التواصل,MobileApp,2/14/2025,P2169,3601
3726,طلب مبالغ مقابل عدم نشر محادثات خاصة,MobileApp,2/17/2025,P2855,3601
3727,شخص يهددني بنشر صور خاصة مقابل مبالغ مالية,PhoneCall,3/14/2025,P1430,3601
3728,طلب مبالغ مقابل عدم نشر محادثات خاصة,MobileApp,1/12/2025,P1535,3601
3729,طلب مبالغ مقابل عدم نشر محادثات خاصة,Website,3/8/2025,P1732,3601
3730,نشر صور خاصة لي مقابل فدية عبر الإنترنت,Email,1/12/2025,P1674,3601
3731,حساب وهمي يبتزني ويرسل لي رسائل تهديد بنشر معلوماتي,WalkIn,2/15/2025,P2050,3601
3732,اختراق حسابي ثم ابتزازي لإرجاعه,PhoneCall,3/17/2025,P2811,3601
3733,نشر صور خاصة لي مقابل فدية عبر الإنترنت,MobileApp,2/6/2025,P1633,3601
3734,شخص يهددني بنشر صور خاصة مقابل مبالغ مالية,WalkIn,1/5/2025,P2871,3601
3735,اختراق حسابي ثم ابتزازي لإرجاعه,Email,2/25/2025,P1982,3601
3736,تهديد بإفشاء بياناتي إذا لم أحول مبلغًا,MobileApp,2/28/2025,P1530,3601
3737,اختراق حسابي ثم ابتزازي لإرجاعه,MobileApp,2/22/2025,P1146,3601
3738,تعرضت لابتزاز عبر تطبيق محادثة ويطلب مالًا,Email,1/28/2025,P1128,3601
3739,بلاغ عن ابتزاز إلكتروني من حساب مجهول على منصات التواصل,WalkIn,1/27/2025,P1589,3601
3740,تهديد بإفشاء بياناتي إذا لم أحول مبلغًا,MobileApp,2/9/2025,P2432,3601
3741,شخص يهددني بنشر صور خاصة مقابل مبالغ مالية,MobileApp,2/8/2025,P1664,3601
3742,طلب مبالغ مقابل عدم نشر محادثات خاصة,Website,1/7/2025,P1149,3601
3743,س,MobileApp,1/1/2025,P1055,3601
3744,بلاغ عن ابتزاز إلكتروني من حساب مجهول على منصات التواصل,Email,1/15/2025,P1069,3601
3745,بلاغ عن ابتزاز إلكتروني من حساب مجهول على منصات التواصل,Website,1/25/2025,P1500,3601
3746,طلب مبالغ مقابل عدم نشر محادثات خاصة,Email,2/18/2025,P1201,3601
3747,ابتزاز إلكتروني مستمر وأحتاج بلاغ رسمي,Website,1/31/2025,P2914,3601
3748,حساب وهمي يبتزني ويرسل لي رسائل تهديد بنشر معلوماتي,Email,3/9/2025,P2850,3601
3749,تعرضت لابتزاز عبر تطبيق محادثة ويطلب مالًا,PhoneCall,1/25/2025,P1887,3601
3750,نشر صور خاصة لي مقابل فدية عبر الإنترنت,PhoneCall,3/7/2025,P2943,3601
3751,كيف تتم معاملة انتقال طالب من مدرسة لمدرسة؟,Website,2/16/2025,P2171,
3752,كيف تتم معاملة انتقال طالب من مدرسة لمدرسة؟,Email,1/21/2025,P1733,3751
3753,ما هي خطوات نقل طالب لمدرسة أخرى داخل نفس المدينة؟,WalkIn,1/6/2025,P1432,3751
3754,استشارة عن نقل طالب من تعليم أهلي إلى حكومي,Website,1/13/2025,P2079,3751
3755,استفسار عن شروط النقل خلال منتصف الفصل الدراسي,Website,3/6/2025,P1762,3751
3756,احتاج معرفة المستندات المطلوبة لنقل طالبة,Email,2/28/2025,P1394,3751
3757,إرشاد حول تعبئة نموذج نقل طالب الكترونيًا,WalkIn,1/17/2025,P1166,3751
3758,أرغب بمشورة بخصوص إجراءات نقل ابنتي بين المدارس,WalkIn,3/12/2025,P2254,3751
3759,احتاج معرفة المستندات المطلوبة لنقل طالبة,Email,2/22/2025,P2667,3751
3760,ما هي خطوات نقل طالب لمدرسة أخرى داخل نفس المدينة؟,Email,1/16/2025,P2582,3751
3761,استشارة عامة حول نقل طالبة إلى مدرسة أخرى,Email,2/8/2025,P2038,3751
3762,استشارة عن نقل طالب من تعليم أهلي إلى حكومي,Email,3/3/2025,P2748,3751
3763,احتاج معرفة المستندات المطلوبة لنقل طالبة,WalkIn,2/12/2025,P1256,3751
3764,أرغب بمشورة بخصوص إجراءات نقل ابنتي بين المدارس,WalkIn,1/28/2025,P1268,3751
3765,أحتاج استفسار عن طريقة نقل ابني من مدرسة حكومية إلى خاصة,Email,3/1/2025,P2767,3751
3766,استشارة عامة حول نقل طالبة إلى مدرسة أخرى,Website,3/17/2025,P2684,3751
3767,استشارة حول متطلبات النقل بين المدارس ومدة الإجراء,WalkIn,2/23/2025,P1496,3751
3768,استشارة حول متطلبات النقل بين المدارس ومدة الإجراء,Email,2/8/2025,P1493,3751
3769,استشارة عامة حول نقل طالبة إلى مدرسة أخرى,WalkIn,3/6/2025,P2503,3751
3770,ما هي خطوات نقل طالب لمدرسة أخرى داخل نفس المدينة؟,Email,2/26/2025,P2572,3751
3771,أحتاج استفسار عن طريقة نقل ابني من مدرسة حكومية إلى خاصة,Email,2/28/2025,P1023,3751
3772,كيف تتم معاملة انتقال طالب من مدرسة لمدرسة؟,WalkIn,1/26/2025,P1271,3751
3773,استشارة عامة حول نقل طالبة إلى مدرسة أخرى,WalkIn,3/8/2025,P2285,3751
3774,استفسار عن شروط النقل خلال منتصف الفصل الدراسي,MobileApp,1/17/2025,P1700,3751
3775,استفسار عن شروط النقل خلال منتصف الفصل الدراسي,PhoneCall,3/3/2025,P2637,3751
3776,ما هي خطوات نقل طالب لمدرسة أخرى داخل نفس المدينة؟,MobileApp,3/5/2025,P1109,3751
3777,كيف تتم معاملة انتقال طالب من مدرسة لمدرسة؟,Website,1/12/2025,P2008,3751
3778,ما هي خطوات نقل طالب لمدرسة أخرى داخل نفس المدينة؟,PhoneCall,1/16/2025,P2898,3751
3779,استفسار عن شروط النقل خلال منتصف الفصل الدراسي,Email,2/22/2025,P2896,3751
3780,ما هي خطوات نقل طالب لمدرسة أخرى داخل نفس المدينة؟,PhoneCall,3/16/2025,P1930,3751
3781,استفسار عن شروط النقل خلال منتصف الفصل الدراسي,Website,1/1/2025,P2284,3751
3782,استفسار عن شروط النقل خلال منتصف الفصل الدراسي,PhoneCall,3/13/2025,P2343,3751
3783,استشارة عامة حول نقل طالبة إلى مدرسة أخرى,WalkIn,1/11/2025,P1954,3751
3784,استشارة عامة حول نقل طالبة إلى مدرسة أخرى,Email,3/1/2025,P2818,3751
3785,ما هي خطوات نقل طالب لمدرسة أخرى داخل نفس المدينة؟,Website,1/20/2025,P2098,3751
3786,أحتاج استفسار عن طريقة نقل ابني من مدرسة حكومية إلى خاصة,MobileApp,1/7/2025,P2382,3751
3787,استشارة عامة حول نقل طالبة إلى مدرسة أخرى,MobileApp,3/11/2025,P2217,3751
3788,ما هي خطوات نقل طالب لمدرسة أخرى داخل نفس المدينة؟,Website,3/15/2025,P1694,3751
3789,أحتاج استفسار عن طريقة نقل ابني من مدرسة حكومية إلى خاصة,Website,2/1/2025,P1823,3751
3790,استشارة عامة حول نقل طالبة إلى مدرسة أخرى,PhoneCall,1/12/2025,P2198,3751
3791,إرشاد حول تعبئة نموذج نقل طالب الكترونيًا,MobileApp,1/2/2025,P2110,3751
3792,كيف تتم معاملة انتقال طالب من مدرسة لمدرسة؟,Email,1/15/2025,P1595,3751
3793,أرغب بمشورة بخصوص إجراءات نقل ابنتي بين المدارس,Website,1/24/2025,P2101,3751
3794,استشارة حول متطلبات النقل بين المدارس ومدة الإجراء,PhoneCall,2/9/2025,P1475,3751
3795,أرغب بمشورة بخصوص إجراءات نقل ابنتي بين المدارس,Email,1/19/2025,P1471,3751
3796,استشارة حول متطلبات النقل بين المدارس ومدة الإجراء,PhoneCall,3/13/2025,P1925,3751
3797,أرغب بمشورة بخصوص إجراءات نقل ابنتي بين المدارس,Email,2/22/2025,P1231,3751
3798,أرغب بمشورة بخصوص إجراءات نقل ابنتي بين المدارس,WalkIn,3/11/2025,P2162,3751
3799,استشارة عامة حول نقل طالبة إلى مدرسة أخرى,Website,2/10/2025,P1834,3751
3800,استشارة حول متطلبات النقل بين المدارس ومدة الإجراء,WalkIn,1/26/2025,P2292,3751
3801,احتاج معرفة المستندات المطلوبة لنقل طالبة,WalkIn,2/4/2025,P2829,3751
3802,إرشاد حول تعبئة نموذج نقل طالب الكترونيًا,MobileApp,1/27/2025,P2355,3751
3803,إرشاد حول تعبئة نموذج نقل طالب الكترونيًا,MobileApp,1/31/2025,P2534,3751
3804,استفسار عن شروط النقل خلال منتصف الفصل الدراسي,WalkIn,1/12/2025,P2102,3751
3805,احتاج معرفة المستندات المطلوبة لنقل طالبة,Email,2/3/2025,P1152,3751
3806,احتاج معرفة المستندات المطلوبة لنقل طالبة,Email,1/13/2025,P2558,3751
3807,إرشاد حول تعبئة نموذج نقل طالب الكترونيًا,WalkIn,1/17/2025,P1197,3751
3808,كيف تتم معاملة انتقال طالب من مدرسة لمدرسة؟,Email,3/7/2025,P2165,3751
3809,ما هي خطوات نقل طالب لمدرسة أخرى داخل نفس المدينة؟,MobileApp,2/20/2025,P1682,3751
3810,استشارة حول متطلبات النقل بين المدارس ومدة الإجراء,Email,1/29/2025,P1134,3751
3811,كيف تتم معاملة انتقال طالب من مدرسة لمدرسة؟,WalkIn,2/26/2025,P2801,3751
3812,استشارة عامة حول نقل طالبة إلى مدرسة أخرى,MobileApp,2/9/2025,P2271,3751
3813,استشارة عامة حول نقل طالبة إلى مدرسة أخرى,Email,1/24/2025,P2805,3751
3814,استفسار عن شروط النقل خلال منتصف الفصل الدراسي,WalkIn,2/12/2025,P1827,3751
3815,أحتاج استفسار عن طريقة نقل ابني من مدرسة حكومية إلى خاصة,Website,2/22/2025,P2835,3751
3816,استشارة عامة حول نقل طالبة إلى مدرسة أخرى,Email,1/3/2025,P2696,3751
3817,إرشاد حول تعبئة نموذج نقل طالب الكترونيًا,MobileApp,1/28/2025,P1578,3751
3818,إرشاد حول تعبئة نموذج نقل طالب الكترونيًا,MobileApp,1/7/2025,P1030,3751
3819,احتاج معرفة المستندات المطلوبة لنقل طالبة,WalkIn,1/24/2025,P1799,3751
3820,استشارة عن نقل طالب من تعليم أهلي إلى حكومي,PhoneCall,3/4/2025,P2267,3751
3821,احتاج معرفة المستندات المطلوبة لنقل طالبة,PhoneCall,2/27/2025,P2501,3751
3822,احتاج معرفة المستندات المطلوبة لنقل طالبة,Email,2/22/2025,P2944,3751
3823,أحتاج استفسار عن طريقة نقل ابني من مدرسة حكومية إلى خاصة,WalkIn,3/3/2025,P1576,3751
3824,أرغب بمشورة بخصوص إجراءات نقل ابنتي بين المدارس,WalkIn,1/13/2025,P2829,3751
3825,استفسار عن شروط النقل خلال منتصف الفصل الدراسي,PhoneCall,2/18/2025,P2229,3751
3826,استشارة حول متطلبات النقل بين المدارس ومدة الإجراء,Email,2/3/2025,P2353,3751
3827,احتاج معرفة المستندات المطلوبة لنقل طالبة,Email,2/13/2025,P1477,3751
3828,استفسار عن شروط النقل خلال منتصف الفصل الدراسي,WalkIn,1/7/2025,P1301,3751
3829,أرغب بمشورة بخصوص إجراءات نقل ابنتي بين المدارس,Email,2/8/2025,P1933,3751
3830,استشارة عامة حول نقل طالبة إلى مدرسة أخرى,PhoneCall,2/14/2025,P2098,3751
3831,أحتاج استفسار عن طريقة نقل ابني من مدرسة حكومية إلى خاصة,Email,2/25/2025,P2002,3751
3832,إرشاد حول تعبئة نموذج نقل طالب الكترونيًا,WalkIn,3/5/2025,P2181,3751
3833,ما هي خطوات نقل طالب لمدرسة أخرى داخل نفس المدينة؟,Website,1/19/2025,P1016,3751
3834,استشارة عامة حول نقل طالبة إلى مدرسة أخرى,PhoneCall,1/29/2025,P1455,3751
3835,ما هي خطوات نقل طالب لمدرسة أخرى داخل نفس المدينة؟,Website,1/14/2025,P1367,3751
3836,استشارة عن نقل طالب من تعليم أهلي إلى حكومي,MobileApp,3/8/2025,P2789,3751
3837,استشارة عامة حول نقل طالبة إلى مدرسة أخرى,PhoneCall,1/23/2025,P1341,3751
3838,ما هي خطوات نقل طالب لمدرسة أخرى داخل نفس المدينة؟,PhoneCall,2/2/2025,P2372,3751
3839,أرغب بمشورة بخصوص إجراءات نقل ابنتي بين المدارس,Website,3/4/2025,P1929,3751
3840,احتاج معرفة المستندات المطلوبة لنقل طالبة,Email,1/10/2025,P2789,3751
3841,استشارة عامة حول نقل طالبة إلى مدرسة أخرى,PhoneCall,3/9/2025,P1813,3751
3842,استشارة عن نقل طالب من تعليم أهلي إلى حكومي,PhoneCall,2/3/2025,P2633,3751
3843,استشارة حول متطلبات النقل بين المدارس ومدة الإجراء,Website,1/9/2025,P2043,3751
3844,استشارة عن نقل طالب من تعليم أهلي إلى حكومي,PhoneCall,3/5/2025,P1089,3751
3845,أرغب بمشورة بخصوص إجراءات نقل ابنتي بين المدارس,Email,1/28/2025,P1901,3751
3846,استشارة عن نقل طالب من تعليم أهلي إلى حكومي,WalkIn,2/28/2025,P2562,3751
3847,إرشاد حول تعبئة نموذج نقل طالب الكترونيًا,MobileApp,1/3/2025,P2348,3751
3848,ما هي خطوات نقل طالب لمدرسة أخرى داخل نفس المدينة؟,Website,1/1/2025,P2177,3751
3849,احتاج معرفة المستندات المطلوبة لنقل طالبة,WalkIn,1/7/2025,P2027,3751
3850,احتاج معرفة المستندات المطلوبة لنقل طالبة,PhoneCall,1/31/2025,P2843,3751
3851,أرغب بمشورة بخصوص إجراءات نقل ابنتي بين المدارس,PhoneCall,1/6/2025,P2296,3751
3852,استشارة حول متطلبات النقل بين المدارس ومدة الإجراء,Website,1/23/2025,P2474,3751
3853,أرغب بمشورة بخصوص إجراءات نقل ابنتي بين المدارس,MobileApp,1/26/2025,P1790,3751
3854,استشارة حول متطلبات النقل بين المدارس ومدة الإجراء,Website,3/1/2025,P2311,3751
3855,استشارة حول متطلبات النقل بين المدارس ومدة الإجراء,MobileApp,2/1/2025,P2559,3751
3856,استشارة حول متطلبات النقل بين المدارس ومدة الإجراء,WalkIn,1/26/2025,P2837,3751
3857,إرشاد حول تعبئة نموذج نقل طالب الكترونيًا,PhoneCall,1/12/2025,P2276,3751
3858,احتاج معرفة المستندات المطلوبة لنقل طالبة,WalkIn,2/21/2025,P1710,3751
3859,استشارة عن نقل طالب من تعليم أهلي إلى حكومي,Website,3/8/2025,P1498,3751
3860,ما هي خطوات نقل طالب لمدرسة أخرى داخل نفس المدينة؟,Email,2/5/2025,P1386,3751
3861,أحتاج استفسار عن طريقة نقل ابني من مدرسة حكومية إلى خاصة,Email,1/13/2025,P2961,3751
3862,استشارة حول متطلبات النقل بين المدارس ومدة الإجراء,Website,3/3/2025,P2278,3751
3863,ما هي خطوات نقل طالب لمدرسة أخرى داخل نفس المدينة؟,PhoneCall,1/6/2025,P2349,3751
3864,استشارة حول متطلبات النقل بين المدارس ومدة الإجراء,MobileApp,3/5/2025,P1649,3751
3865,احتاج معرفة المستندات المطلوبة لنقل طالبة,WalkIn,3/4/2025,P1914,3751
3866,احتاج معرفة المستندات المطلوبة لنقل طالبة,Website,1/19/2025,P2519,3751
3867,كيف تتم معاملة انتقال طالب من مدرسة لمدرسة؟,WalkIn,1/16/2025,P2166,3751
3868,استشارة حول متطلبات النقل بين المدارس ومدة الإجراء,Email,1/11/2025,P1716,3751
3869,ما هي خطوات نقل طالب لمدرسة أخرى داخل نفس المدينة؟,Email,3/7/2025,P1535,3751
3870,أحتاج استفسار عن طريقة نقل ابني من مدرسة حكومية إلى خاصة,PhoneCall,2/5/2025,P2514,3751
3871,استفسار عن شروط النقل خلال منتصف الفصل الدراسي,WalkIn,2/21/2025,P1153,3751
3872,كيف تتم معاملة انتقال طالب من مدرسة لمدرسة؟,WalkIn,1/16/2025,P2072,3751
3873,استشارة عن نقل طالب من تعليم أهلي إلى حكومي,Email,2/24/2025,P1550,3751
3874,أحتاج استفسار عن طريقة نقل ابني من مدرسة حكومية إلى خاصة,PhoneCall,1/15/2025,P1558,3751
3875,استشارة عامة حول نقل طالبة إلى مدرسة أخرى,PhoneCall,1/24/2025,P2698,3751
3876,ما هي خطوات نقل طالب لمدرسة أخرى داخل نفس المدينة؟,Website,1/13/2025,P1550,3751
3877,كيف تتم معاملة انتقال طالب من مدرسة لمدرسة؟,Website,3/9/2025,P2665,3751
3878,أرغب بمشورة بخصوص إجراءات نقل ابنتي بين المدارس,Website,3/9/2025,P2319,3751
3879,استشارة عن نقل طالب من تعليم أهلي إلى حكومي,WalkIn,1/26/2025,P1469,3751
3880,احتاج معرفة المستندات المطلوبة لنقل طالبة,Website,3/3/2025,P2328,3751
3881,ما هي خطوات نقل طالب لمدرسة أخرى داخل نفس المدينة؟,Email,2/28/2025,P1800,3751
3882,احتاج معرفة المستندات المطلوبة لنقل طالبة,WalkIn,2/26/2025,P2567,3751
3883,أحتاج استفسار عن طريقة نقل ابني من مدرسة حكومية إلى خاصة,PhoneCall,2/3/2025,P1257,3751
3884,أحتاج استفسار عن طريقة نقل ابني من مدرسة حكومية إلى خاصة,PhoneCall,3/7/2025,P2796,3751
3885,استشارة عن نقل طالب من تعليم أهلي إلى حكومي,Website,2/19/2025,P1674,3751
3886,استشارة عن نقل طالب من تعليم أهلي إلى حكومي,WalkIn,1/23/2025,P1850,3751
3887,إرشاد حول تعبئة نموذج نقل طالب الكترونيًا,Website,3/3/2025,P1590,3751
3888,استشارة عامة حول نقل طالبة إلى مدرسة أخرى,Website,3/8/2025,P2467,3751
3889,أرغب بمشورة بخصوص إجراءات نقل ابنتي بين المدارس,MobileApp,1/26/2025,P2763,3751
3890,ما هي خطوات نقل طالب لمدرسة أخرى داخل نفس المدينة؟,PhoneCall,2/11/2025,P2102,3751
3891,ما هي خطوات نقل طالب لمدرسة أخرى داخل نفس المدينة؟,Email,3/3/2025,P2783,3751
3892,ما هي خطوات نقل طالب لمدرسة أخرى داخل نفس المدينة؟,PhoneCall,1/17/2025,P1947,3751
3893,ما هي خطوات نقل طالب لمدرسة أخرى داخل نفس المدينة؟,Email,2/23/2025,P1006,3751
3894,استشارة حول متطلبات النقل بين المدارس ومدة الإجراء,Email,3/11/2025,P1282,3751
3895,أرغب بمشورة بخصوص إجراءات نقل ابنتي بين المدارس,PhoneCall,2/9/2025,P1529,3751
3896,كيف تتم معاملة انتقال طالب من مدرسة لمدرسة؟,Website,1/13/2025,P2910,3751
3897,أحتاج استفسار عن طريقة نقل ابني من مدرسة حكومية إلى خاصة,Website,1/18/2025,P2090,3751
3898,استشارة عن نقل طالب من تعليم أهلي إلى حكومي,WalkIn,1/7/2025,P2653,3751
3899,ما هي خطوات نقل طالب لمدرسة أخرى داخل نفس المدينة؟,Website,1/17/2025,P1615,3751
3900,استشارة عامة حول نقل طالبة إلى مدرسة أخرى,Email,3/14/2025,P1492,3751
3901,طلب تعديل اسم في شهادة ميلاد,WalkIn,1/30/2025,P2668,
3902,استعلام عن موعد اختبار وظيفة حكومية,PhoneCall,2/21/2025,P1265,
3903,طلب متابعة معاملة سابقة لدى جهة حكومية أخرى,MobileApp,2/21/2025,P1369,
3904,طلب نسخة من قرار سابق صادر باسمي,WalkIn,3/16/2025,P1718,
3905,شكوى من انقطاع خدمات المياه في الحي منذ أسبوع,MobileApp,1/8/2025,P1018,
3906,طلب مساعدة مالية بسبب فقدان العمل,PhoneCall,2/7/2025,P1420,
3907,طلب خطاب تعريف لغرض القبول في جامعة,Email,1/28/2025,P1841,
3908,استعلام عن موعد اختبار وظيفة حكومية,Website,1/8/2025,P1104,
3909,شكوى من انقطاع خدمات المياه في الحي منذ أسبوع,Email,3/13/2025,P2480,
3910,استفسار عن إجراءات تجديد بطاقة الأحوال,PhoneCall,2/23/2025,P1531,
3911,استعلام عن موعد اختبار وظيفة حكومية,PhoneCall,2/25/2025,P2899,
3912,استعلام عن موعد اختبار وظيفة حكومية,PhoneCall,2/10/2025,P1842,
3913,استفسار عن إجراءات تجديد بطاقة الأحوال,Email,1/7/2025,P2550,
3914,شكوى من انقطاع خدمات المياه في الحي منذ أسبوع,WalkIn,3/7/2025,P2829,
3915,طلب تعديل اسم في شهادة ميلاد,Email,3/10/2025,P1842,
3916,شكوى من انقطاع خدمات المياه في الحي منذ أسبوع,PhoneCall,3/13/2025,P2722,
3917,طلب مساعدة مالية بسبب فقدان العمل,Website,1/26/2025,P1537,
3918,استفسار عن إجراءات تجديد بطاقة الأحوال,PhoneCall,1/23/2025,P1010,
3919,طلب مساعدة مالية بسبب فقدان العمل,Email,1/24/2025,P2353,
3920,استفسار عن إجراءات تجديد بطاقة الأحوال,Website,2/20/2025,P2660,
3921,طلب تعديل اسم في شهادة ميلاد,PhoneCall,2/8/2025,P1703,
3922,استفسار عن إجراءات تجديد بطاقة الأحوال,Email,1/11/2025,P2446,
3923,طلب مساعدة مالية بسبب فقدان العمل,MobileApp,2/8/2025,P1114,
3924,استعلام عن موعد اختبار وظيفة حكومية,Website,2/19/2025,P1877,
3925,بلاغ عن ضوضاء مزعجة من محل مجاور,Email,2/15/2025,P1232,
3926,بلاغ عن ضوضاء مزعجة من محل مجاور,WalkIn,3/8/2025,P2836,
3927,استفسار عن رسوم خدمة حكومية,Email,1/17/2025,P1399,
3928,طلب متابعة معاملة سابقة لدى جهة حكومية أخرى,Website,3/3/2025,P1028,
3929,استفسار عن رسوم خدمة حكومية,Website,1/30/2025,P2209,
3930,طلب نسخة من قرار سابق صادر باسمي,Email,1/24/2025,P1382,
3931,طلب مساعدة مالية بسبب فقدان العمل,WalkIn,1/13/2025,P2614,
3932,استعلام عن موعد اختبار وظيفة حكومية,Website,1/19/2025,P2757,
3933,استفسار عن رسوم خدمة حكومية,MobileApp,1/26/2025,P2415,
3934,طلب متابعة معاملة سابقة لدى جهة حكومية أخرى,Website,2/8/2025,P2889,
3935,طلب تعديل اسم في شهادة ميلاد,MobileApp,3/11/2025,P1579,
3936,شكوى من انقطاع خدمات المياه في الحي منذ أسبوع,PhoneCall,3/11/2025,P1208,
3937,طلب نسخة من قرار سابق صادر باسمي,MobileApp,1/15/2025,P1938,
3938,بلاغ عن ضوضاء مزعجة من محل مجاور,MobileApp,2/1/2025,P2475,
3939,طلب تعديل اسم في شهادة ميلاد,PhoneCall,2/24/2025,P1149,
3940,استفسار عن إجراءات تجديد بطاقة الأحوال,MobileApp,2/14/2025,P1257,
3941,استفسار عن إجراءات تجديد بطاقة الأحوال,MobileApp,1/4/2025,P2243,
3942,طلب مساعدة مالية بسبب فقدان العمل,Email,2/21/2025,P1929,
3943,بلاغ عن ضوضاء مزعجة من محل مجاور,Email,3/6/2025,P2141,
3944,طلب تعديل اسم في شهادة ميلاد,PhoneCall,2/6/2025,P2837,
3945,طلب نسخة من قرار سابق صادر باسمي,MobileApp,2/2/2025,P1567,
3946,طلب تعديل اسم في شهادة ميلاد,WalkIn,3/4/2025,P1591,
3947,طلب تعديل اسم في شهادة ميلاد,MobileApp,3/7/2025,P1203,
3948,طلب تعديل اسم في شهادة ميلاد,MobileApp,3/17/2025,P1188,
3949,بلاغ عن ضوضاء مزعجة من محل مجاور,WalkIn,3/10/2025,P1735,
3950,استفسار عن رسوم خدمة حكومية,MobileApp,1/14/2025,P2648,
3951,استفسار عن رسوم خدمة حكومية,Website,3/3/2025,P2783,
3952,طلب تعديل اسم في شهادة ميلاد,Email,1/31/2025,P2841,
3953,شكوى من انقطاع خدمات المياه في الحي منذ أسبوع,MobileApp,3/4/2025,P1978,
3954,طلب مساعدة مالية بسبب فقدان العمل,WalkIn,2/28/2025,P2643,
3955,طلب خطاب تعريف لغرض القبول في جامعة,Website,3/16/2025,P1386,
3956,بلاغ عن ضوضاء مزعجة من محل مجاور,MobileApp,2/23/2025,P2070,
3957,شكوى من انقطاع خدمات المياه في الحي منذ أسبوع,WalkIn,2/13/2025,P1952,
3958,بلاغ عن ضوضاء مزعجة من محل مجاور,PhoneCall,3/13/2025,P1119,
3959,شكوى من انقطاع خدمات المياه في الحي منذ أسبوع,MobileApp,3/1/2025,P2569,
3960,طلب تعديل اسم في شهادة ميلاد,PhoneCall,3/15/2025,P2669,
3961,شكوى من انقطاع خدمات المياه في الحي منذ أسبوع,MobileApp,1/8/2025,P2292,
3962,طلب خطاب تعريف لغرض القبول في جامعة,PhoneCall,2/13/2025,P1596,
3963,استعلام عن موعد اختبار وظيفة حكومية,Email,2/7/2025,P2015,
3964,بلاغ عن ضوضاء مزعجة من محل مجاور,WalkIn,2/18/2025,P2857,
3965,طلب متابعة معاملة سابقة لدى جهة حكومية أخرى,Website,2/17/2025,P1980,
3966,طلب مساعدة مالية بسبب فقدان العمل,MobileApp,1/2/2025,P1955,
3967,استفسار عن رسوم خدمة حكومية,PhoneCall,3/2/2025,P1439,
3968,بلاغ عن ضوضاء مزعجة من محل مجاور,MobileApp,1/23/2025,P2895,
3969,استفسار عن إجراءات تجديد بطاقة الأحوال,PhoneCall,3/8/2025,P1557,
3970,طلب نسخة من قرار سابق صادر باسمي,Website,1/3/2025,P1284,
3971,طلب خطاب تعريف لغرض القبول في جامعة,MobileApp,3/3/2025,P1433,
3972,طلب مساعدة مالية بسبب فقدان العمل,Email,3/13/2025,P1121,
3973,طلب مساعدة مالية بسبب فقدان العمل,Website,3/16/2025,P2389,
3974,طلب تعديل اسم في شهادة ميلاد,PhoneCall,3/11/2025,P1887,
3975,بلاغ عن ضوضاء مزعجة من محل مجاور,Email,2/7/2025,P1417,
3976,بلاغ عن ضوضاء مزعجة من محل مجاور,Email,1/8/2025,P1551,
3977,طلب تعديل اسم في شهادة ميلاد,Email,1/26/2025,P1249,
3978,استعلام عن موعد اختبار وظيفة حكومية,MobileApp,2/12/2025,P1553,
3979,طلب متابعة معاملة سابقة لدى جهة حكومية أخرى,Website,2/17/2025,P2001,
3980,استفسار عن إجراءات تجديد بطاقة الأحوال,WalkIn,2/26/2025,P1049,
3981,بلاغ عن ضوضاء مزعجة من محل مجاور,Website,3/17/2025,P1329,
3982,طلب خطاب تعريف لغرض القبول في جامعة,MobileApp,3/10/2025,P1848,
3983,استفسار عن رسوم خدمة حكومية,PhoneCall,3/1/2025,P1963,
3984,استفسار عن إجراءات تجديد بطاقة الأحوال,Email,1/17/2025,P2028,
3985,طلب مساعدة مالية بسبب فقدان العمل,MobileApp,3/1/2025,P1199,
3986,استعلام عن موعد اختبار وظيفة حكومية,Website,3/7/2025,P1437,
3987,طلب تعديل اسم في شهادة ميلاد,PhoneCall,1/5/2025,P2513,
3988,طلب متابعة معاملة سابقة لدى جهة حكومية أخرى,Email,3/14/2025,P1326,
3989,طلب مساعدة مالية بسبب فقدان العمل,WalkIn,2/11/2025,P2609,
3990,استفسار عن إجراءات تجديد بطاقة الأحوال,WalkIn,2/23/2025,P1726,
3991,طلب متابعة معاملة سابقة لدى جهة حكومية أخرى,MobileApp,3/14/2025,P1631,
3992,استفسار عن رسوم خدمة حكومية,WalkIn,2/17/2025,P1688,
3993,طلب نسخة من قرار سابق صادر باسمي,Email,1/8/2025,P1030,
3994,استفسار عن رسوم خدمة حكومية,WalkIn,1/1/2025,P1198,
3995,استعلام عن موعد اختبار وظيفة حكومية,WalkIn,2/10/2025,P2844,
3996,طلب مساعدة مالية بسبب فقدان العمل,WalkIn,2/28/2025,P1249,
3997,طلب نسخة من قرار سابق صادر باسمي,MobileApp,1/31/2025,P1979,
3998,طلب متابعة معاملة سابقة لدى جهة حكومية أخرى,PhoneCall,1/31/2025,P2445,
3999,استفسار عن رسوم خدمة حكومية,Email,1/4/2025,P1648,
4000,طلب متابعة معاملة سابقة لدى جهة حكومية أخرى,Website,3/16/2025,P2068,
